Composition,Sample A,Sample B,Oxidation State A,Oxidation State B,Thermal Conductivity (W/m/K),Lattice Parameter (Å),Vickers Hardness (GPa),CTE (K^-1),Relative Density %,Density Measured,Density Calculated,Energy per Atom,Formation Energy per Atom,Enthalpy,Activation Energy (eV),Magnetic Moment,Band Gap,Band Gap Type,Valence,Bulk Modulus (GPa),Shear Modulus (GPa),Youngs Modulus (GPa),Poisson Ratio,Fracture Toughness (Mpa*m^.5),Specific Heat (Jg^−1K^−1),Thermal Diffusivity  (mm² s⁻¹),High Temp CTE,AEL Debye Temperature,Temperature (K),Energy Above Hull,Ionic Radius A (Å),Ionic Radius B (Å),rA/rB (Å),Size disorder (δ %),Porosity (%),Grain Size (μm),Electronegativity A,Electronegativity B,oxygen_param_x,Synthesis Method,compound_type,data_source
Mn2Al2O7,Al,Mn,3.0,4.0,,9.399346,,,,,,-7.750438044090909,-2.254900836896551,,,11.9971944,1.585799999999999,indirect,,,,,,,,,,,,0.296728488939393,,0.53,,,,,1.61,1.55,,DFT,pristine,mp
Al2Sn2O7,Al,Sn,3.0,4.0,,9.940218,,,,,,-6.719597825909091,-2.160868516363635,,,0.000459699999999,1.351599999999999,indirect,,,,,,,,,,,,0.546190308181818,,0.69,,,,,1.61,1.96,,DFT,pristine,mp
Ti2Al2O7,Al,Ti,3.0,4.0,,9.586782,,,,,,-8.210258548181818,-2.9449983001515143,,,0.0002171,0.6019999999999991,indirect,,,,,,,,,,,,0.5260096772727271,,0.605,,,,,1.61,1.54,,DFT,pristine,mp
Al2V2O7,Al,V,3.0,4.0,,9.531128,,,,,,-7.968611280000001,-2.487275749545455,,,4.0000172,0.0,indirect,,,,,,,,,,,,0.446139168636356,,,,,,,1.61,1.63,,DFT,pristine,mp
Am2Zr2O7,Am,Zr,,,,10.660798333333332,,,,,,,,,,,,,,,,,,,,,,,,,,,,,,,1.3,1.33,,,pristine,icsd_literature
Bi2Ir2O7,Bi,Ir,3.0,4.0,3.29991,10.269512500000001,,,,,10.7112,-6.492082531136365,-1.46893560636364,-6.05226,,3.2e-06,0.0,"metal, indirect",80.0,181.517,83.3448,216.846,0.300895,,,,,388.125,,0.0,1.17,0.625,,,,,2.02,2.2,,,pristine,"icsd_literature, aflow, mp"
Bi2Os2O7,Bi,Os,3.0,4.0,,10.3511085,,,,,10.3204,-6.932106434772727,-1.486731913636363,-6.48016,,0.1816085,0.0,"half-metal, indirect",80.0,,,,,,,,,,,0.0,1.17,0.63,,,,,2.02,2.2,,DFT,pristine,"aflow, mp"
Bi2Pt2O7,Bi,Pt,3.0,4.0,2.68623,10.3626626,,,,,10.4735,-5.742521779545453,-1.330811493636362,-5.468465,,0.0,0.9727333333333332,"insulator-indirect, indirect",72.0,176.456,78.0858,204.145,0.31059000000000003,,,,,376.326,,0.0,1.17,0.625,,,,,2.02,2.28,,,pristine,"icsd_literature, aflow, mp"
Bi2Rh2O7,Bi,Rh,3.0,4.0,2.65083,10.2302225,,,,,8.71659,-6.172739027045454,-1.458941563636362,-5.69159,,1.35e-05,0.0,"metal, indirect",72.0,172.622,70.5491,186.271,0.320155,,,,,397.336,,0.0,1.17,0.6,,,,,2.02,2.28,,DFT,pristine,"aflow, mp"
Bi2Ru2O6.952,Bi,Ru,3.0,4.0,5.56583,10.288525933333334,,,,,8.441805,-6.26302109961039,-1.553611266818189,-6.124216666666666,,0.259733,0.0,"half-metal, metal, indirect",80.0,171.0195,83.61845,215.147,0.2848306666666667,,,,,433.66499999999996,,0.0,1.17,0.62,,,,,2.02,2.2,,,pristine,"icsd_literature, aflow, mp"
Sn2Bi2O7,Bi,Sn,3.0,4.0,2.57219,10.63943525,,,,,7.991153333333333,-6.058225285227271,-1.924906653181814,-5.907666666666667,,0.0,2.6449,"insulator-indirect, indirect",64.0,146.417,66.7544,173.844,0.302113,,,,,386.678,,0.011598118257579,1.17,0.69,,,,,2.02,1.96,,DFT,pristine,"aflow, mp"
Ti2Bi2O7,Bi,Ti,3.0,4.0,3.89553,10.361287333333332,,,,,7.23694,-7.333682181515151,-2.634991118333333,-7.037265,,0.00022579999999999999,2.8204999999999996,"insulator-indirect, indirect",64.0,168.367,74.5479,194.881,0.307087,,,,,444.704,,0.046591997954545,1.17,0.605,,,,,2.02,1.54,,,pristine,"icsd_literature, aflow, mp"
Zr2Bi2O7,Bi,Zr,3.0,4.0,,10.826368,,,,,,-8.179823702727273,-2.7697148922727277,,,0.003670499999999,2.8604000000000003,indirect,,,,,,,,,,,,0.056679890000001,1.17,0.72,,,,,2.02,1.33,,DFT,pristine,mp
Ca2Nb2O7,Ca,Nb,2.0,5.0,8.92748,10.409644400000001,,,,,4.29289,-8.214833784545455,-3.25606345590909,-8.01924,,2.4633333333333344e-05,1.660466666666667,"insulator-direct, indirect",56.0,142.278,92.6434,228.364,0.23249,,,,,639.795,,0.041461221136364,1.12,0.64,,,,,1.0,1.6,,,pristine,"icsd_literature, aflow, mp"
Ca2Ru2O7,Ca,Ru,2.0,4.0,,10.194606666666667,,,,,4.72556,-6.874271508409091,-2.163831028181818,-6.3851,,6.3207301,0.0,"half-metal, indirect",68.0,,,,,,,,,,,0.0,1.12,0.62,,,,,1.0,2.2,,,pristine,"icsd_literature, aflow, mp"
Ca2Ta2O7,Ca,Ta,2.0,4.0,8.30922,10.393300333333332,,,,,6.24837,-8.794541773636364,-3.482593376333331,-8.43551,,0.0,2.37875,"insulator-direct, indirect",56.0,148.233,97.7883,240.483,0.229612,,,,,543.52,,0.000788423441543,1.12,0.68,,,,,1.0,1.5,,,pristine,"icsd_literature, aflow, mp"
Nb2Cd2O7,Cd,Nb,2.0,5.0,4.167725,10.319957833333333,,,,,6.034098,-7.029736110530304,-2.3208359818181807,-6.939546,,2.416666666666666e-07,2.023816666666667,"insulator-indirect, indirect",56.0,164.85000000000002,66.98485,175.6015,0.318059,,,,,457.4325,,0.14322892749999952,1.1,0.64,,,,,1.69,1.6,,,pristine,"icsd_literature, aflow, mp"
Cd2Os2O7,Cd,Os,2.0,4.0,,10.156024400000002,,,,,8.610566923076924,-5.905845745811689,-1.462361143636362,-5.834991538461539,,0.5406180285714285,0.0,"metal, indirect",68.0,,,,,,,,,,,0.0,1.1,0.63,,,,,1.69,2.2,,,pristine,"icsd_literature, aflow, mp"
Cd2Re2O7,Cd,Re,2.0,4.0,,10.259162666666667,,,,,8.43657,-6.866586004090909,-1.74951875090909,-6.39711,,1.35613005,0.0,"half-metal, indirect",64.0,,,,,,,,,,,0.04759167909091,1.1,0.63,,,,,1.69,1.9,,,pristine,"icsd_literature, aflow, mp"
Cd2Ru2O7,Cd,Ru,2.0,4.0,,10.124580333333334,,,,,6.55629,-5.890467060227273,-1.401199348181818,-5.37023,,0.2724615499999995,0.0,"metal, indirect",68.0,,,,,,,,,,,0.0,1.1,0.62,,,,,1.69,2.2,,,pristine,"icsd_literature, aflow, mp"
Ta2Cd2O7,Cd,Ta,2.0,4.0,5.6234,10.361584444444443,,,,,7.938465,-7.539024412636364,-2.681269108606061,-7.3832450000000005,,0.0,2.09894,"insulator-indirect, indirect",56.0,154.061,83.8562,212.935,0.2703215,,,,,447.629,,0.0,1.1,0.68,,,,,1.69,1.5,,,pristine,"icsd_literature, aflow, mp"
Cd2Tc2O7,Cd,Tc,2.0,4.0,,10.168778,,,,,6.4313,-6.392678767727272,-1.6871452349999991,-5.89121,,4.18205985,0.0,"half-metal, indirect",64.0,,,,,,,,,,,0.0,1.1,0.645,,,,,1.69,1.9,,,pristine,"icsd_literature, aflow, mp"
Ce2Hf2O7,Ce,Hf,3.0,4.0,,10.72,,,,,8.07,,,,,,,,,,,,,,,,,,,,1.143,0.71,1.61,,,,1.12,1.3,,nan,pristine,literature_extraction
Ce2Sn2O7,Ce,Sn,,,,10.576550000000001,,,,,,,,,,,,,,,,,,,,,,,,,,,,,,,1.12,1.96,,,pristine,icsd_literature
Ce2Ti2O7,Ce,Ti,3.0,4.0,,10.363836,,,,,,-9.324026436363637,-3.660334544696968,,,1.0403503,0.0,indirect,,,,,,,,,,,,0.023583105909089,1.143,0.605,,,,,1.12,1.54,,DFT,pristine,mp
Ce2Zr2O7,Ce,Zr,3.0,4.0,3.0,10.708489230769231,,,,,5.919001428571428,-9.080869385625,-3.813959809090908,-9.007245714285714,,0.65908375,2.6257875,"insulator-direct, indirect",60.0,,,,,,,,,,,0.0,1.143,0.72,,,,,1.12,1.33,,,pristine,"icsd_literature, aflow, mp, literature_extraction"
Dy2Ge2O7,Dy,Ge,3.0,4.0,,9.915851,,,,,,-7.875870758181819,-3.046913139848485,,,0.0,3.205699999999999,indirect,,,,,,,,,,,,0.012263362727277,1.027,0.53,,,,,1.23,2.01,,DFT,pristine,mp
Dy2Hf2O7,Dy,Hf,3.0,4.0,5.90862,10.3770892,,,,,9.103075,-9.519759742575758,-4.012424123030301,-9.374025,,0.0,3.2266,"insulator-indirect, indirect",60.0,173.039,97.2411,245.699,0.263349,,,,,451.486,,0.000675435454541,1.027,0.71,,,,,1.23,1.3,,,pristine,"icsd_literature, aflow, mp"
Dy2Mn2O7,Dy,Mn,3.0,4.0,,9.897566,,,,,,-8.547644318636364,-2.893416257199581,,,12.0000007,0.9041,indirect,,,,,,,,,,,,0.0,1.027,0.53,,,,,1.23,1.55,,DFT,pristine,mp
Dy2Mo2O7,Dy,Mo,3.0,4.0,,10.2658655,,,,,,-8.87193307636364,-2.911589593484849,,,7.9999999,0.0,indirect,,,,,,,,,,,,0.011552227272719,1.027,0.65,,,,,1.23,2.16,,,pristine,"icsd_literature, mp"
Dy2Nb2O7,Dy,Nb,3.0,5.0,,10.369616,,,,,,-9.212776551363635,-3.387768535757574,,,0.0978522,0.0,indirect,,,,,,,,,,,,0.092219901464659,1.027,0.64,,,,,1.23,1.6,,DFT,pristine,mp
Dy2Pb2O7,Dy,Pb,3.0,4.0,,10.658802,,,,,,-7.212249008636363,-2.5488151693939383,,,0.0,1.1816,indirect,,,,,,,,,,,,0.0,1.027,0.775,,,,,1.23,2.33,,DFT,pristine,mp
Dy2Pt2O7,Dy,Pt,3.0,4.0,,10.188881,,,,,,-7.550688845000002,-2.458439323939394,,,0.0,1.5345,indirect,,,,,,,,,,,,0.0,1.027,0.625,,,,,1.23,2.28,,DFT,pristine,mp
Dy2Ru2O7,Dy,Ru,3.0,4.0,4.26953,10.135925250000001,,,,,7.85734,-7.81807234909091,-2.595822591666666,-7.36566,,4.1817415,0.2765,"insulator-indirect, indirect",76.0,189.467,89.748,232.529,0.295453,,,,,477.88,,0.019741070909086,1.027,0.62,,,,,1.23,2.2,,,pristine,"icsd_literature, aflow, mp"
Dy2Sn2O7,Dy,Sn,3.0,4.0,4.15721,10.394957000000002,,,,,7.5463000000000005,-7.320495936666666,-3.027287646212119,-7.10839,,0.0,2.3775666666666666,"insulator-direct, indirect",60.0,160.956,87.0731,221.311,0.270836,,,,,465.501,,0.0,1.027,0.69,,,,,1.23,1.96,,,pristine,"icsd_literature, aflow, mp"
Dy2Tc2O7,Dy,Tc,3.0,4.0,5.00051,10.233423333333334,,,,,7.63422,-8.288732212272727,-2.823644789848484,-7.88166,,6.2715008,0.69785,"insulator-indirect_spin-polarized, indirect",72.0,186.522,95.8064,245.403,0.280721,,,,,497.247,,0.02412040045454,1.027,0.645,,,,,1.23,1.9,,,pristine,"icsd_literature, aflow, mp"
Dy2Ti2O7,Dy,Ti,3.0,4.0,3.650986666666667,10.115747437500001,13.43,,97.80000000000001,6.644666666666667,36.827283333333334,-8.739916745454579,-3.77932238863643,-8.27656,,0.0,2.9837,"insulator-indirect, indirect",60.0,185.922,102.479,275.4095,0.27358950000000004,0.987,,0.96,,558.223,,0.009325387045519,1.027,0.605,1.6989999999999998,,,,1.23,1.54,,,pristine,"icsd_literature, aflow, mp, literature_extraction"
Dy2V2O7,Dy,V,3.0,4.0,3.03527,9.980252400000001,,,,,6.924049999999999,-8.427149542121212,-3.235672241666665,-8.202874999999999,,1.4545344,0.5407333333333333,"insulator-indirect, indirect",64.0,190.278,96.211,247.002,0.283648,,,,,534.909,,0.013291790909089,1.027,,,,,,1.23,1.63,,,pristine,"icsd_literature, aflow, mp"
Dy2Zr2O7,Dy,Zr,3.0,4.0,,10.522811,,,,,,-9.407194874545455,-3.864660388030302,,,0.0004256,2.7479,indirect,,,,,,,,,,,,0.035970105454543,1.027,0.72,,,,,1.23,1.33,,,pristine,"icsd_literature, mp"
Er2Hf2O7,Er,Hf,3.0,4.0,5.98782,10.355252,,,,,9.33528,-9.58113413909091,-4.01010348590909,-9.36257,,0.00140295,3.0745,"insulator-indirect, indirect",56.0,172.767,97.5229,246.237,0.262457,,,,,448.492,,0.026654398636356,1.004,0.71,,,,,1.24,1.3,,DFT,pristine,"aflow, mp"
Er2Mn2O7,Er,Mn,3.0,4.0,,9.831083000000001,,,,,7.41997,-8.179615531818182,-2.915723314623823,-7.79849,,6.27274585,1.03925,"insulator-indirect, indirect",68.0,,,,,,,,,,,0.0,1.004,0.53,,,,,1.24,1.55,,,pristine,"icsd_literature, aflow, mp"
Er2Nb2O7,Er,Nb,3.0,5.0,,10.31042,,,,,,-9.216122545454546,-3.400324842272726,,,0.0009722,0.0,indirect,,,,,,,,,,,,0.093518216161626,1.004,0.64,,,,,1.24,1.6,,DFT,pristine,mp
Er2Pb2O7,Er,Pb,3.0,4.0,,10.601927,,,,,,-7.201800988636364,-2.547577461818181,,,0.0,1.16,indirect,,,,,,,,,,,,0.005454599545453,1.004,0.775,,,,,1.24,2.33,,DFT,pristine,mp
Er2Pt2O7,Er,Pt,3.0,4.0,,10.125902,,,,,,-7.561057952272725,-2.478018743636361,,,0.0,1.4127,indirect,,,,,,,,,,,,0.0,1.004,0.625,,,,,1.24,2.28,,DFT,pristine,mp
Er2Ru2O7,Er,Ru,3.0,4.0,4.33276,10.093101333333331,,,,,8.09935,-7.821480974090909,-2.6067901540909078,-7.37072,,4.185682,0.2775,"insulator-indirect, indirect",72.0,191.189,90.4173,234.315,0.295739,,,,,474.893,,0.03243183454545,1.004,0.62,,,,,1.24,2.2,,,pristine,"icsd_literature, aflow, mp"
Er2Sn2O7,Er,Sn,3.0,4.0,4.27273,10.345762,,,,,7.76459,-7.31359694621212,-3.030940987272725,-7.10082,,0.0,2.3428333333333335,"insulator-direct, indirect",56.0,161.939,88.3115,224.183,0.269272,,,,,464.382,,0.0,1.004,0.69,,,,,1.24,1.96,,,pristine,"icsd_literature, aflow, mp"
Er2Tc2O7,Er,Tc,3.0,4.0,5.35573,10.181212,,,,,7.86351,-8.249569914318181,-2.753700506363636,-7.88249,,1.0469061499999999,0.6464,"insulator-indirect_spin-polarized, indirect",68.0,185.906,99.3199,252.919,0.273255,,,,,501.298,,0.117723009999993,1.004,0.645,,,,,1.24,1.9,,,pristine,"icsd_literature, aflow, mp"
Er2Ti2O7,Er,Ti,3.0,4.0,3.46504,10.062491523809525,12.8,,99.3,6.705,23.978174000000003,-8.459159794636363,-3.779598183333331,-8.275365,,0.0,3.02612,"insulator-indirect, indirect",56.0,187.311,103.383,261.956,0.27095800000000003,,,0.855,,554.34,,0.013926795000006,1.004,0.605,1.66,,,,1.24,1.54,,,pristine,"icsd_literature, aflow, mp, literature_extraction"
Er2V2O7,Er,V,3.0,4.0,,9.929547,,,,,7.16276,-8.54512628840909,-3.250776504545453,-8.20866,,2.0909059499999993,0.42365,"insulator-indirect, indirect",60.0,,,,,,,,,,,0.00636384477273,1.004,,,,,,1.24,1.63,,,pristine,"icsd_literature, aflow, mp"
Er2Zr2O7,Er,Zr,3.0,4.0,1.6,10.476274,11.45,,97.9,6.96,,-9.393854918181818,-3.860530744090907,,,0.0003803,2.5368999999999997,indirect,,,,,,1.36,,0.66,11.1696,,,0.085382246136367,1.004,0.72,1.394,,,,1.24,1.33,,,pristine,"icsd_literature, mp, literature_extraction"
Eu2Hf2O7,Eu,Hf,3.0,4.0,,10.508983624999999,,,,,8.546226666666668,-10.091133649090908,-3.675034681363634,-9.88435,,8.727313133333334,0.09186666666666667,"insulator-direct, indirect",56.0,,,,,,,,10.0,,,0.083577048636364,1.066,0.71,1.501,,,,1.2,1.3,,,pristine,"icsd_literature, aflow, mp, literature_extraction"
Eu2Ir2O7,Eu,Ir,3.0,4.0,,10.250957454545455,,,,,9.31914,-8.090467289848485,-2.213915576363638,-7.715615,,5.160715499999999,0.0,"metal, indirect",72.0,,,,,,,,,,,0.039831681363628,1.066,0.625,,,,,1.2,2.2,,,pristine,"icsd_literature, aflow, mp"
Eu2Mn2O7,Eu,Mn,3.0,4.0,,10.021072,,,,,,-9.18486141318182,-2.499772190532917,,,35.9999999,0.0,indirect,,,,,,,,,,,,0.060321475757573,1.066,0.53,,,,,1.2,1.55,,DFT,pristine,mp
Eu2Mo2O7,Eu,Mo,3.0,4.0,,10.417910000000001,,,,,6.75505,-9.201082178181817,-2.649039712272727,-8.76192,,10.858819200000001,0.0,"half-metal, indirect",64.0,,,,,,,,,,,0.019614279999993,1.066,0.65,,,,,1.2,2.16,,,pristine,"icsd_literature, aflow, mp"
Eu2Pb2O7,Eu,Pb,3.0,4.0,,10.773817333333334,,,,,8.36148,-7.567140290909092,-2.157955581363639,-7.28203,,12.53436835,0.0,"half-metal, indirect",56.0,,,,,,,,,,,0.116930325454542,1.066,0.775,,,,,1.2,2.33,,,pristine,"icsd_literature, aflow, mp"
Eu2Pt2O7,Eu,Pt,3.0,4.0,,10.306222333333332,,,,,9.33172,-7.668593737045453,-2.084046791818179,-7.13003,,12.5771264,0.0,"metal, indirect",64.0,,,,,,,,,,,0.0,1.066,0.625,,,,,1.2,2.28,,,pristine,"icsd_literature, aflow, mp"
Eu2Ru2O7,Eu,Ru,3.0,4.0,,10.276258333333333,,,,,7.123335,-8.220145866212123,-2.274394330909098,-7.840260000000001,,9.268157333333333,0.0,"metal, indirect",72.0,,,,,,,,,,,0.086681503181806,1.066,0.62,,,,,1.2,2.2,,,pristine,"icsd_literature, aflow, mp"
Eu2Sn2O7,Eu,Sn,3.0,4.0,,10.514906625000002,,,,,6.975316666666667,-7.807592356136364,-2.6704880995454543,-7.603866666666666,,6.8185800500000004,0.086925,"insulator-direct, indirect",56.0,,,,,,,,,,,0.045035065454543,1.066,0.69,,,,,1.2,1.96,,,pristine,"icsd_literature, aflow, mp"
Eu2Ti2O7,Eu,Ti,3.0,4.0,,10.195275941176472,9.035,,97.7,6.272,6.144868000000001,-8.978210237909092,-3.409178926060606,-8.756765,,0.8740074799999998,0.20657999999999999,"insulator-direct, indirect",56.0,,,282.8,0.28,1.384,,,,,,0.07029339181818,1.066,0.605,1.762,,,,1.2,1.54,,,pristine,"icsd_literature, aflow, mp, literature_extraction"
Eu2Zr2O7,Eu,Zr,3.0,4.0,,10.558439666666667,,,,,6.38147,-9.794734873636363,-3.529834099545454,-9.48624,,12.545454900000001,0.06535,"insulator-direct, indirect",56.0,,,,,,,,,,,0.116308565454541,1.066,0.72,,,,,1.2,1.33,,,pristine,"icsd_literature, aflow, mp"
Gd2Ge2O7,Gd,Ge,,,,9.9985,,,,,,,,,,,,,,,,,,,,,,,,,,,,,,,1.2,2.01,,,pristine,icsd_literature
Gd2Hf2O7,Gd,Hf,3.0,4.0,3.85453,10.499516499999999,7.1,,90.0,,8.75272,-11.274418796590911,-3.999542177272729,-11.0309,,14.6363557,3.13945,"insulator-indirect, indirect",56.0,168.655,93.81264999999999,237.41,0.266141,,,,11.5,451.01,,0.0,1.053,0.71,1.483,,,,1.2,1.3,,,pristine,"icsd_literature, aflow, mp, literature_extraction"
Gd2Mo2O7,Gd,Mo,3.0,4.0,,10.299545363636364,,,,,7.1453225,-9.953546434545455,-2.879818378636373,-9.801994999999998,,8.124149880000001,0.0,"metal, indirect",64.0,,,,,,,,,,,0.0,1.053,0.65,,,,,1.2,2.16,,,pristine,"icsd_literature, aflow, mp"
Gd2Pb2O7,Gd,Pb,,,,10.7292,,,,,,,,,,,,,,,,,,,,,,,,,,,,,,,1.2,2.33,,,pristine,icsd_literature
Gd2Pt2O7,Gd,Pt,,,,10.261389999999999,,,,,,,,,,,,,,,,,,,,,,,,,,,,,,,1.2,2.28,,,pristine,icsd_literature
Gd2Ru2O7,Gd,Ru,3.0,4.0,,10.210342800000001,,,,,7.63474,-8.8761185875,-2.5492147572727277,-7.80877,,14.646979400000001,0.0,"metal, indirect",72.0,,,,,,,,,,,0.016515274545449,1.053,0.62,,,,,1.2,2.2,,,pristine,"icsd_literature, aflow, mp"
Gd2Sn2O7,Gd,Sn,3.0,4.0,4.03794,10.4724318,,,,,7.23794,-9.096207844772728,-2.995185214545452,-8.76022,,14.63636565,1.07735,"insulator-direct, indirect",56.0,168.80700000000002,87.93924999999999,224.7625,0.275988,,,,,462.877,,0.0,1.053,0.69,1.52,,,,1.2,1.96,,,pristine,"icsd_literature, aflow, mp, literature_extraction"
Gd2Ti2O7,Gd,Ti,3.0,4.0,3.3512075,10.176189131578946,10.862,,98.35,6.428000000000001,16.59651333333333,-10.075863888484848,-3.73057191742424,-9.916214,,5.727293400000001,2.7280333333333338,"insulator-indirect_spin-polarized, indirect",56.0,187.124,96.3292,249.19650000000001,0.27906400000000003,1.4769999999999999,,0.8866666666666667,10.3,555.168,,0.010444198863641,1.053,0.605,1.7402499999999999,0.0,4.6,4.489,1.2,1.54,0.32796,,pristine,"icsd_literature, aflow, mp, literature_extraction"
Gd2V2O7,Gd,V,3.0,4.0,,10.18829,,,,,,-10.469988806363638,-3.110372110454546,,,24.0027994,0.9818,indirect,,,,,,,,,,,,0.100808483636363,1.053,,,,,,1.2,1.63,,DFT,pristine,mp
Gd2Zr2O7,Gd,Zr,3.0,4.0,3.7512933333333334,10.500199555555556,11.1,,96.8,6.75,6.847359999999999,-10.540700859147728,-3.712228638863637,-10.39615,,4.4547010375000005,0.79945,"insulator-direct, indirect",56.0,172.188,80.932,209.47400000000002,0.28518775,1.16,,0.74,11.1586,461.2255,,0.138568223863636,1.053,0.72,1.46375,,,,1.2,1.33,0.34093,,pristine,"icsd_literature, aflow, mp, literature_extraction"
Mn2Hg2O7,Hg,Mn,2.0,4.0,,10.149564,,,,,,-6.037270244545454,-1.166442817805644,,,8.0028096,0.0,indirect,,,,,,,,,,,,0.058593316212121,1.14,0.53,,,,,2.0,1.55,,DFT,pristine,mp
Nb2Hg2O7,Hg,Nb,2.0,5.0,,10.477628,,,,,7.75602,-6.90532511659091,-2.158362852272729,-6.61068,,0.0,0.4892499999999995,"insulator-indirect, indirect",64.0,,,,,,,,,,,0.003425043441557,1.14,0.64,,,,,2.0,1.6,,,pristine,"icsd_literature, aflow, mp"
Hg2Os2O7,Hg,Os,2.0,4.0,,10.260621444444444,,,,,10.39400625,-5.535868713957219,-1.18980214,-5.47960125,,0.5033983176470588,0.0,"metal, indirect",76.0,,,,,,,,,,,0.036020415227267,1.14,0.63,,,,,2.0,2.2,,,pristine,"icsd_literature, aflow, mp"
Hg2Pt2O7,Hg,Pt,2.0,4.0,,10.224815,,,,,,-5.15279554,-0.8439466536363641,,,2e-05,0.0,indirect,,,,,0.382,,,,,,,0.0,1.14,0.625,,,,,2.0,2.28,,DFT,pristine,mp
Hg2Ru2O7,Hg,Ru,2.0,4.0,,10.201495000000001,,,,,8.443,-5.01111,,-5.01111,,0.539595,0.0,metal,76.0,,,,,,,,,,,,1.14,0.62,,,,,2.0,2.2,,,pristine,"icsd_literature, aflow"
Ho2Ge2O7,Ho,Ge,3.0,4.0,,9.8917755,,,,,,-7.91341079681819,-3.088216099090916,,,0.0,3.252,indirect,,,,,,,,,,,,0.0,1.015,0.53,,,,,1.24,2.01,,,pristine,"icsd_literature, mp"
Ho2Hf2O7,Ho,Hf,3.0,4.0,5.91332,10.337147000000002,,,,,9.21326,-9.585998162727272,-4.009504141363635,-9.36745,,0.0,3.11615,"insulator-indirect, indirect",56.0,171.933,96.6444,244.181,0.263298,,,,,448.315,,0.013828901249993,1.015,0.71,,,,,1.24,1.3,,DFT,pristine,"aflow, mp"
Ho2Mn2O7,Ho,Mn,3.0,4.0,,9.864942,,,,,,-8.553677861363637,-2.903212720532913,,,12.0000008,1.1659,indirect,,,,,,,,,,,,0.0,1.015,0.53,,,,,1.24,1.55,,DFT,pristine,mp
Ho2Mo2O7,Ho,Mo,,,,10.26902,,,,,,,,,,,,,,,,,,,,,,,,,,,,,,,1.24,2.16,,,pristine,icsd_literature
Ho2Pb2O7,Ho,Pb,3.0,4.0,,10.629093,,,,,,-7.206019065454546,-2.546348146818181,,,0.0,1.1706,indirect,,,,,,,,,,,,0.0,1.015,0.775,,,,,1.24,2.33,,DFT,pristine,mp
Ho2Pt2O7,Ho,Pt,3.0,4.0,,10.16141,,,,,,-7.555180050454546,-2.466693449999999,,,0.0,1.506899999999999,indirect,,,,,,,,,,,,0.0,1.015,0.625,,,,,1.24,2.28,,DFT,pristine,mp
Ho2Ru2O7,Ho,Ru,3.0,4.0,4.36323,10.134920000000001,,,,,7.98764,-7.81559405090909,-2.5927989159090883,-7.36749,,1.25240215,0.2762,"insulator-indirect, indirect",72.0,189.472,90.5528,234.328,0.293876,,,,,477.496,,0.032998230795451,1.015,0.62,,,,,1.24,2.2,,,pristine,"icsd_literature, aflow, mp"
Ho2Sn2O7,Ho,Sn,3.0,4.0,4.25834,10.369456,,,,,7.65603,-7.316181026969697,-3.027425837727271,-7.10373,,0.0,2.3639666666666668,"insulator-direct, indirect",56.0,161.428,88.2199,223.877,0.268858,,,,,466.293,,0.0,1.015,0.69,,,,,1.24,1.96,,,pristine,"icsd_literature, aflow, mp"
Ho2Ti2O7,Ho,Ti,3.0,4.0,2.36,10.10552257142857,15.7,,97.6,6.6655,50.364,-9.20196264454552,-3.781774462878852,,,0.0,2.7208,indirect,,,,288.8,0.28,1.266,,0.82,,,,0.009325797500066,1.015,0.605,1.6789999999999998,,,,1.24,1.54,,,pristine,"icsd_literature, mp, literature_extraction"
Ho2V2O7,Ho,V,3.0,4.0,,9.971611,,,,,,-8.877941355000003,-3.241677890909092,,,4.0000001,1.2503,indirect,,,,,,,,,,,,0.009340272954544,1.015,,,,,,1.24,1.63,,DFT,pristine,mp
Ho2Zr2O7,Ho,Zr,3.0,4.0,,10.491761,,,,,,-9.399513846818182,-3.860742280909089,,,0.0002466,2.6187,indirect,,,,,,,,,,,,0.075470432954546,1.015,0.72,,,,,1.24,1.33,,,pristine,"icsd_literature, mp"
In2Ge2O7,In,Ge,3.0,4.0,,9.726302,,,,,,-6.530269582272727,-2.039348652121211,,,9e-07,1.049399999999999,indirect,,,,,,,,,,,,0.043403249545451,0.92,0.53,,,,,1.78,2.01,,,pristine,"icsd_literature, mp"
Mn2In2O7,In,Mn,3.0,4.0,,9.702792666666667,,,,,6.23585,-6.839055611136364,-1.9003598490177631,-6.46156,,6.25801525,1.1683499999999996,"insulator-indirect_spin-polarized, indirect",68.0,,,,,,,,,,,0.000140558484843,0.92,0.53,,,,,1.78,1.55,,,pristine,"icsd_literature, aflow, mp"
In2Pt2O7,In,Pt,3.0,4.0,,10.011142,,,,,,-6.273488469545456,-1.5192756366666682,,,0.0,2.196199999999999,indirect,,,,,,,,,,,,0.0,0.92,0.625,,,,,1.78,2.28,,DFT,pristine,mp
In2Sn2O7,In,Sn,3.0,4.0,,10.385754,,,,,,-6.342805667727273,-1.963422192121211,,,2.34e-05,0.2819,indirect,,,,,,,,,,,,0.092507714090908,0.92,0.69,,,,,1.78,1.96,,DFT,pristine,mp
Ir2Pb2O7,Ir,Pb,3.0,4.0,,10.297138,,,,,,-6.8561838804545445,-1.425466649999997,,,0.0,0.152,indirect,,,,,,,,,,,,0.0,,0.775,,,,,2.2,2.33,,DFT,pristine,mp
La2Ce2O7,La,Ce,3.0,4.0,,11.177376,,,,,,-9.019064179545456,-3.893460453636365,,,0.0,2.1894,indirect,,,,,0.302,,,,,,,0.010421526136362,1.16,0.87,,,,,1.1,1.12,,DFT,pristine,mp
La2Hf2O7,La,Hf,3.0,4.0,5.26227,10.698938625,9.81,,92.0,,7.85238,-9.380830076727275,-3.818188891363641,-9.184886666666666,,3.4479999999999995e-05,2.6437200000000005,"insulator-direct, metal, indirect",56.0,164.978,89.6564,227.718,0.266975,2.27,,,9.04,454.664,,0.223988122272736,1.16,0.71,1.634,,,,1.1,1.3,,,pristine,"icsd_literature, aflow, mp, literature_extraction"
La2Pb2O7,La,Pb,,,,10.9682,,,,,,,,,,,,,,,,,,,,,,,,,,,,,,,1.1,2.33,,,pristine,icsd_literature
La2Pt2O7,La,Pt,3.0,4.0,,10.54349,,,,,,-7.521595840000001,-2.371595123181819,,,0.0,0.8203,indirect,,,,,,,,,,,,0.0,1.16,0.625,,,,,1.1,2.28,,DFT,pristine,mp
La2Ru2O7,La,Ru,,,,10.3967,,,,,,,,,,,,,,,,,,,,,,,,,,,,,,,1.1,2.2,,,pristine,icsd_literature
La2Sn2O7,La,Sn,3.0,4.0,3.44255,10.733699888888887,,,,,6.3127125,-7.208185031454545,-3.0172737977272712,-7.06212,,0.0,2.2051,"insulator-direct, indirect",56.0,146.589,74.5631,191.261,0.282543,,,,,454.677,,0.0,1.16,0.69,,,,,1.1,1.96,,,pristine,"icsd_literature, aflow, mp"
La2Ti2O7,La,Ti,3.0,4.0,5.5638,10.434173333333334,,,,,5.40451,-8.522042808484848,-3.733646127424242,-8.17539,,0.00031699999999966667,3.0918666666666668,"insulator-indirect, indirect",56.0,169.15,87.087,222.992,0.280282,,,,,549.063,,0.050363342045455,1.16,0.605,,,,,1.1,1.54,,DFT,pristine,"aflow, mp"
La2Zr2O7,La,Zr,3.0,4.0,2.6496199999999996,10.748723767857145,8.925714285714287,8.336666666666666e-06,96.76333333333332,5.82575,5.942533461538462,-8.72438905564394,-3.7179329854545458,-8.670404545454545,,3.0204166666666668e-05,1.2698583333333333,"metal, insulator-direct, indirect",56.0,155.689,81.8649,211.19466666666665,0.276298,1.2228571428571429,,1.02,8.969020000000002,498.354,,0.1914012395454545,1.3855,0.72,1.6107749999999998,0.0,5.1,5.18,1.1,1.33,0.3323,,pristine,"icsd_literature, aflow, mp, literature_extraction"
Lu2Ge2O7,Lu,Ge,,,,9.8165,,,,,,,,,,,,,,,,,,,,,,,,,,,,,,,1.27,2.01,,,pristine,icsd_literature
Lu2Ir2O6.97,Lu,Ir,,,,10.099,,,,,,,,,,,,,,,,,,,,,,,,,,,,,,,1.27,2.2,,,pristine,icsd_literature
Lu2Mn2O7,Lu,Mn,3.0,4.0,,9.788897,,,,,,-8.574763075454547,-2.938114664017765,,,12.0000001,1.112099999999999,indirect,,,,,,,,,,,,0.0,0.977,0.53,,,,,1.27,1.55,,,pristine,"icsd_literature, mp"
Lu2Mo2O7,Lu,Mo,,,,10.1478,,,,,,,,,,,,,,,,,,,,,,,,,,,,,,,1.27,2.16,,,pristine,icsd_literature
Lu2Nb2O7,Lu,Nb,3.0,5.0,,10.241622,,,,,,-9.216842407727272,-3.409414042121212,,,0.003381399999999,0.0,indirect,,,,,,,,,,,,0.09796800953284,0.977,0.64,,,,,1.27,1.6,,DFT,pristine,mp
Lu2Pb2O7,Lu,Pb,3.0,4.0,,10.646704,,,,,,-7.182131084545454,-2.536276895303029,,,0.0,1.1221,indirect,,,,,,,,,,,,0.047068563295454,0.977,0.775,,,,,1.27,2.33,,DFT,pristine,mp
Lu2Pt2O7,Lu,Pt,3.0,4.0,,10.044337,,,,,,-7.571723355909094,-2.497053484848487,,,0.0,1.657299999999998,indirect,,,,,,,,,,,,0.0,0.977,0.625,,,,,1.27,2.28,,DFT,pristine,mp
Lu2Ru2O7,Lu,Ru,3.0,4.0,,10.082612000000001,,,,,,-8.275539221818182,-2.61845676530303,,,7.995664899999999,0.0,indirect,,,,,,,,,,,,0.051078620568176,0.977,0.62,,,,,1.27,2.2,,,pristine,"icsd_literature, mp"
Lu2Sn2O7,Lu,Sn,3.0,4.0,,10.28102975,,,,,8.10216,-7.40958223409091,-3.02570395439394,-7.09362,,0.0,2.3640499999999998,"insulator-direct, indirect",56.0,,,,,,,,,,,0.0,0.977,0.69,,,,,1.27,1.96,,,pristine,"icsd_literature, aflow, mp"
Lu2Ti2O7,Lu,Ti,3.0,4.0,,10.0194866,9.51,,,,,-9.189164777727273,-3.782793325454544,,,5.06e-05,2.508,indirect,,,,,,,,,,,,0.023670761818186,0.977,0.605,,,,,1.27,1.54,,,pristine,"icsd_literature, mp, literature_extraction"
Lu2V2O7,Lu,V,3.0,4.0,,9.892383375000001,,,,,7.584015,-8.26442127409091,-2.964280813484849,-7.942114999999999,,2.047585385,0.515,"metal, insulator-indirect, indirect",60.0,,,,,,,,,,,0.300692446249998,0.977,,,,,,1.27,1.63,,,pristine,"icsd_literature, aflow, mp"
Ta2Mn2O7,Mn,Ta,2.0,4.0,,10.365918,,,,,,-9.800761905,-2.828615295502611,,,0.0,2.155799999999999,indirect,,,,,,,,,,,,0.079147723636374,0.96,0.68,,,,,1.55,1.5,,DFT,pristine,mp
Ce2Nd2O7,Nd,Ce,3.0,4.0,,11.104054,,,,,,-8.90794707590909,-3.812863290454544,,,8.8e-06,2.074999999999999,indirect,,,,,,,,,,,,0.048117972045456,1.109,0.87,,,,,1.14,1.12,,DFT,pristine,mp
Nd2Hf2O7,Nd,Hf,3.0,4.0,,10.607289666666667,,,,,8.13024,-9.750049223409096,-3.98081208681819,-9.69325,,0.2727525,3.9197499999999996,"insulator-indirect, indirect",60.0,,,,,,,,,,,0.0,1.109,0.71,,,,,1.14,1.3,,,pristine,"icsd_literature, aflow, mp"
Nd2Ir2O7,Nd,Ir,3.0,4.0,,10.385162000000001,,,,,,-8.054907745909093,-2.432281358636364,,,4.024081,0.0,indirect,,,,,,,,,,,,0.0,1.109,0.625,,,,,1.14,2.2,,,pristine,"icsd_literature, mp"
Nd2Mo2O7,Nd,Mo,3.0,4.0,,10.4840485,,,,,,-8.844649914545455,-2.857075176363636,,,8.0000001,0.0,indirect,,,,,,,,,,,,0.046014805454545,1.109,0.65,,,,,1.14,2.16,,,pristine,"icsd_literature, mp"
Nd2Pb2O7,Nd,Pb,,,,10.8336,,,,,,,,,,,,,,,,,,,,,,,,,,,,,,,1.14,2.33,,,pristine,icsd_literature
Nd2Pt2O7,Nd,Pt,3.0,4.0,,10.389722333333333,,,,,8.98834,-7.205821452272727,-2.348622128181817,-6.94354,,0.272727,1.2264499999999998,"insulator-indirect, indirect",68.0,,,,,,,,,,,0.0,1.109,0.625,,,,,1.14,2.28,,,pristine,"icsd_literature, aflow, mp"
Nd2Ru2O7,Nd,Ru,3.0,4.0,,10.335942384615386,,,,,6.8925849999999995,-7.7359710989999995,-2.507212133181818,-7.6176875,,0.7274028599999998,0.4136,"insulator-indirect, indirect",76.0,,,,,,,,,,,0.006786222803025,1.109,0.62,,,,,1.14,2.2,,,pristine,"icsd_literature, aflow, mp"
Nd2Sn2O7,Nd,Sn,3.0,4.0,,10.62326,,,,,6.68642,-7.31553572530303,-2.688887168863634,-7.07953,,0.18231366666666668,0.8912666666666667,"half-metal, indirect",60.0,,,,,,,,,,,0.28586985886363503,1.109,0.69,,,,,1.14,1.96,,,pristine,"icsd_literature, aflow, mp"
Nd2Tc2O7,Nd,Tc,3.0,4.0,,10.4291215,,,,,,-8.644807310909092,-2.745416420909092,,,11.9999997,0.0,indirect,,,,,,,,,,,,0.000758570227265,1.109,0.645,,,,,1.14,1.9,,,pristine,"icsd_literature, mp"
Nd2Ti2O7,Nd,Ti,3.0,4.0,,10.2862765,,,,5.76,50.12262,-8.843617870454544,-3.690813383333332,-8.54524,,0.27272785,2.9812000000000003,"insulator-indirect_spin-polarized, indirect",60.0,,,,,,,,,,,0.040158393181819,1.12,0.605,1.85,,,,1.14,1.54,,DFT,pristine,"aflow, mp, literature_extraction"
Nd2V2O7,Nd,V,3.0,4.0,,10.341886,,,,,,-8.801154771818183,-3.133897131818182,,,4.5293218,0.0,indirect,,,,,,,,,,,,0.062193620681817,1.109,,,,,,1.14,1.63,,DFT,pristine,mp
Nd2Zr2O7,Nd,Zr,3.0,4.0,1.975,10.64120256097561,11.14,,98.2,6.4335,6.1386175,-9.245796148,-3.6591499981818156,-9.25001625,,0.4363398199999999,2.66523,"insulator-indirect, metal, indirect",60.0,172.4,99.2,199.4,0.2655,0.99,,0.75,10.31145,,,0.183206442272726,1.109,0.72,1.54,,97.5,4.41,1.14,1.33,,,pristine,"icsd_literature, aflow, mp, literature_extraction"
Co2Pb2O7,Pb,Co,,,,9.95776,,,,,,,,,,,,,,,,,,,,,,,,,,,,,,,2.33,1.88,,,pristine,icsd_literature
Ir2Pb2O7,Pb,Ir,,,,10.1754,,,,,,,,,,,,,,,,,,,,,,,,,,,,,,,2.33,2.2,,,pristine,icsd_literature
Nb2Pb2O7,Pb,Nb,2.0,5.0,,10.867464,,,,,,-8.152647388636364,-2.492317274545454,,,1.3100000000000002e-05,0.9375999999999992,indirect,,,,,0.276,,,,,,,0.049669543251679,1.29,0.64,,,,,2.33,1.6,,DFT,pristine,mp
Rh2Pb2O7,Pb,Rh,,,,10.105662,,,,,,,,,,,,,,,,,,,,,,,,,,,,,,,2.33,2.28,,,pristine,icsd_literature
Sn2Pb2O7,Pb,Sn,2.0,4.0,,10.753128,,,,,,-6.285365471363636,-1.732623209090907,,,0.000882899999999,0.0,indirect,,,,,,,,,,,,0.05454011977272,1.29,0.69,,,,,2.33,1.96,,DFT,pristine,mp
Ta2Pb2O7,Pb,Ta,2.0,4.0,,10.828896,,,,,,-8.678109974090908,-2.696757586787878,,,0.0002193,1.6828,indirect,,,,,,,,,,,,0.027916367272728,1.29,0.68,,,,,2.33,1.5,,DFT,pristine,mp
Pr2Hf2O7,Pr,Hf,3.0,4.0,,10.683250000000001,,,,,8.22,,,,,,,,,,,,,,,,11.0,,,,1.126,0.71,1.586,,,,1.13,1.3,,,pristine,"icsd_literature, literature_extraction"
Pr2Ir2O7,Pr,Ir,3.0,4.0,,10.399257799999999,,,,,8.90105,-7.663574127954545,-2.404353863939392,-7.2952,,2.26805765,0.0,"half-metal, indirect",76.0,,,,,,,,,,,0.0,1.126,0.625,,,,,1.13,2.2,,,pristine,"icsd_literature, aflow, mp"
Pr2Ru2O7,Pr,Ru,3.0,4.0,,10.358436,,,,,6.9483999999999995,-7.446198955,-2.480425498484847,-7.075654999999999,,0.9429885000000001,0.14066666666666666,"insulator-indirect, metal, indirect",76.0,,,,,,,,,,,0.04248246004546,1.126,0.62,,,,,1.13,2.2,,,pristine,"icsd_literature, aflow, mp"
Pr2Sn2O7,Pr,Sn,3.0,4.0,,10.6333335,,,,,6.55556,-7.387515547272726,-2.955287218030299,-7.22882,,0.24242066666666665,2.326333333333334,"insulator-direct, indirect",60.0,,,,,,,,,,,0.0,1.126,0.69,,,,,1.13,1.96,,,pristine,"icsd_literature, aflow, mp"
Pr2Te2O7,Pr,Te,3.0,4.0,,10.842562666666666,,,,,6.43549,-6.824113681818181,-2.485600841969696,-6.57051,,0.1816557,0.77095,"half-metal, indirect",68.0,,,,,,,,,,,0.130284349939387,1.126,0.97,,,,,1.13,2.1,,,pristine,"icsd_literature, aflow, mp"
Pr2Zr2O7,Pr,Zr,3.0,4.0,1.9,10.696749818181816,,,,,6.011055000000001,-9.21732812469697,-3.829410627575757,-9.12392,,0.2424116666666667,3.4447666666666663,"insulator-direct, indirect",60.0,,,,,,,,,,,0.0,1.126,0.72,,,,,1.13,1.33,,,pristine,"icsd_literature, aflow, mp, literature_extraction"
Sc2Ge2O7,Sc,Ge,3.0,4.0,,9.6113495,,,,,,-8.09515761590909,-2.954546619999997,,,0.0,3.7047,indirect,,,,,,,,,,,,0.037194648787876,0.87,0.53,,,,,1.36,2.01,,,pristine,"icsd_literature, mp"
Sc2Mn2O7,Sc,Mn,3.0,4.0,,9.587377666666667,,,,,4.43436,-8.292753721136362,-2.805036003260187,-7.81459,,6.27270875,0.52515,"insulator-indirect, indirect",68.0,,,,,,,,,,,0.0,0.87,0.53,,,,,1.36,1.55,,,pristine,"icsd_literature, aflow, mp"
Sc2Pt2O7,Sc,Pt,3.0,4.0,,9.882197,,,,,,-7.759659517727272,-2.355756619090907,,,0.0,1.7836999999999992,indirect,,,,,,,,,,,,0.0,0.87,0.625,,,,,1.36,2.28,,DFT,pristine,mp
Sc2V2O7,Sc,V,3.0,4.0,,9.809584,,,,,,-9.056630102727272,-3.104950340454545,,,4.0010208,1.2824,indirect,,,,,,,,,,,,0.074910774431813,0.87,,,,,,1.36,1.63,,DFT,pristine,mp
Sc2Zr2O7,Sc,Zr,3.0,4.0,2.17,,,,,,,,,,,,,,,,,,,,,,,,,,0.87,0.72,,,,,1.36,1.33,,nan,pristine,literature_extraction
Ce2Sm2O7,Sm,Ce,3.0,4.0,,11.04102,,,,,,-8.902855044545454,-3.816782404090908,,,0.0002822,2.0326,indirect,,,,,,,,,,,,0.080746642840908,1.079,0.87,,,,,1.17,1.12,,DFT,pristine,mp
Sm2Ge2O7,Sm,Ge,3.0,4.0,,10.17996,,,,,,-7.81625501590909,-2.969077287272726,,,0.0003568,2.5577,indirect,,,,,,,,,,,,0.042395755227272,1.079,0.53,,,,,1.17,2.01,,DFT,pristine,mp
Sm2.096Hf1.904O6.952,Sm,Hf,3.0,4.0,,10.56876775,,,,,8.65,-9.814806482272727,-3.9977812672727273,,,0.0,3.8433,indirect,,,,,,,,,15.97,,,0.0,1.079,0.71,1.52,,,,1.17,1.3,,,pristine,"icsd_literature, mp, literature_extraction"
Sm2Mn2O7,Sm,Mn,3.0,4.0,,10.055748,,,,,,-8.48952957772727,-2.817081405987458,,,11.9999991,0.975,indirect,,,,,,,,,,,,0.0,1.079,0.53,,,,,1.17,1.55,,DFT,pristine,mp
Sm2Mo2O7,Sm,Mo,3.0,4.0,,10.421930999999999,,,,,,-8.679059859318187,-2.7004962661363683,,,7.9448491,0.0,indirect,,,,,,,,,,,,0.1815807684090975,1.079,0.65,,,,,1.17,2.16,,,pristine,"icsd_literature, mp"
Sm2Pt2O7,Sm,Pt,3.0,4.0,,10.343399,,,,,,-7.503179013636363,-2.3927093822727272,,,0.0,1.047599999999999,indirect,,,,,,,,,,,,0.0,1.079,0.625,,,,,1.17,2.28,,DFT,pristine,mp
Sm2Ru2O7,Sm,Ru,3.0,4.0,,10.283911666666667,,,,,,-8.235336638636362,-2.54245442181818,,,0.0003146,0.0,indirect,,,,,,,,,,,,0.008066826022725,1.079,0.62,,,,,1.17,2.2,,,pristine,"icsd_literature, mp"
Sm2Sn2O7,Sm,Sn,3.0,4.0,,10.51863825,,,,,,-7.734768965909091,-2.999128691818181,,,0.0,2.7353,indirect,,,,,,,,,,,,0.0,1.079,0.69,,,,,1.17,1.96,,,pristine,"icsd_literature, mp"
Sm2Tc2O7,Sm,Tc,3.0,4.0,,10.358993,,,,,,-8.668939583181817,-2.778559838181817,,,12.0,0.0,indirect,,,,,,,,,,,,0.004162937386359,1.079,0.645,,,,,1.17,1.9,,,pristine,"icsd_literature, mp"
Sm2Ti2O7,Sm,Ti,3.0,4.0,1.72,10.2288855,6.404999999999999,,99.4,6.12,,-9.167469275,-3.725298062424243,,,0.0,2.7306,indirect,,,,,,,,1.05,,,,0.011980593636367,1.079,0.605,,,,,1.17,1.54,,,pristine,"icsd_literature, mp, literature_extraction"
Sm2V2O7,Sm,V,3.0,4.0,,10.253218,,,,,,-8.762398813636365,-3.104152318636363,,,4.0035058,0.9596,indirect,,,,,,,,,,,,0.112756073409091,1.079,,,,,,1.17,1.63,,DFT,pristine,mp
Sm2Zr2O7,Sm,Zr,3.0,4.0,2.04,10.5933307,,,100.0,,,-9.416448877727271,-3.85569428090909,,,0.0,3.0741,indirect,,,,220.1,0.271,,,,,,,0.0,1.079,0.72,1.52,0.0,,,1.17,1.33,,,pristine,"icsd_literature, mp, literature_extraction"
Nb2Sn2O7,Sn,Nb,2.0,5.0,7.65654,10.654545,,,,,5.72543,-7.8361179513636365,-2.456659464090909,-7.50126,,0.0001363,1.00015,"insulator-indirect, indirect",64.0,142.967,97.4137,238.151,0.22237,,,,,556.831,,0.086500161818213,,0.64,,,,,1.96,1.6,,DFT,pristine,"aflow, mp"
Ta2Sn2O7,Sn,Ta,2.0,4.0,,10.582581000000001,,,,,7.58287,-8.186078396060607,-2.659286476333332,-7.931805000000001,,2.8100000000000002e-05,1.5791666666666666,"insulator-indirect, indirect",64.0,,,,,,,,,,,0.077949890000006,,0.68,,,,,1.96,1.5,,,pristine,"icsd_literature, aflow, mp"
Tb2Hf2O7,Tb,Hf,,,,10.4716,,,,,,,,,,,,,,,,,,,,,,,,,,,,,,,1.22,1.3,,,pristine,icsd_literature
Tb2Mn2O7,Tb,Mn,3.0,4.0,,9.928785,,,,,,-8.540464163636363,-2.882692812199581,,,12.0000006,1.1024,indirect,,,,,,,,,,,,0.0,1.04,0.53,,,,,1.22,1.55,,DFT,pristine,mp
Tb2Mo2O7,Tb,Mo,3.0,4.0,,10.1876155,,,,,7.32925,-8.303356130000001,-2.910913877121213,-8.160495000000001,,1.89090718,0.0,"half-metal, indirect",68.0,,,,,,,,,,,0.001834895340902,1.04,0.65,,,,,1.22,2.16,,,pristine,"icsd_literature, aflow, mp"
Tb2Nb2O7,Tb,Nb,3.0,5.0,,10.41046,,,,,,-9.211290195,-3.382738889393939,,,0.0365637,0.0,indirect,,,,,,,,,,,,0.092274649159092,1.04,0.64,,,,,1.22,1.6,,DFT,pristine,mp
Tb2Pb2O7,Tb,Pb,3.0,4.0,,10.690444,,,,,,-7.217870325454545,-2.550893196212119,,,0.0,1.1856,indirect,,,,,,,,,,,,0.0,1.04,0.775,,,,,1.22,2.33,,DFT,pristine,mp
Tb2Pt2O7,Tb,Pt,3.0,4.0,,10.221361,,,,,,-7.545364211818183,-2.449571400757576,,,0.0,1.357899999999999,indirect,,,,,,,,,,,,0.0,1.04,0.625,,,,,1.22,2.28,,DFT,pristine,mp
Tb2Ru2O7,Tb,Ru,3.0,4.0,,10.18094125,,,,,7.69849,-7.8153251104545465,-2.5896548243939392,-7.36279,,4.181692249999999,0.2761,"insulator-indirect, indirect",76.0,,,,,,,,,,,0.015515789886357,1.04,0.62,,,,,1.22,2.2,,,pristine,"icsd_literature, aflow, mp"
Tb2Sn2O7,Tb,Sn,3.0,4.0,4.11772,10.3540863125,,,,,7.41058,-7.191794956704546,-3.026676199848483,-7.112388571428572,,0.0,2.2881375000000004,"insulator-direct, indirect",60.0,161.139,86.2893,219.659,0.269903,,,,,466.444,,0.0,1.04,0.69,,,,,1.22,1.96,,,pristine,"icsd_literature, aflow, mp"
Tb2Ti2O7,Tb,Ti,3.0,4.0,6.63451,10.056174411764706,,,,,6.481346666666667,-8.409157150616894,-3.775055662045519,-8.276925,,0.0,3.2154142857142856,"insulator-indirect, indirect",60.0,184.839,102.449,259.418,0.266086,,,,,562.653,,0.010504636590976,1.04,0.605,,,,,1.22,1.54,,,pristine,"icsd_literature, aflow, mp"
Tb2Zr2O7,Tb,Zr,3.0,4.0,,10.61542,,,,,,-9.41436116090909,-3.868283384393939,,,0.0005044,2.8475,indirect,,,,,,,,,,,,0.021954060795454,1.04,0.72,,,,,1.22,1.33,,DFT,pristine,mp
Tl2Ge2O7,Tl,Ge,3.0,4.0,,9.928021,,,,,,-6.044915290000002,-1.624485564696972,,,0.003205999999999,0.0,indirect,,,,,,,,,,,,0.052070845909088,0.98,0.53,,,,,1.62,2.01,,DFT,pristine,mp
Tl2Ir2O7,Tl,Ir,,,,10.18258,,,,,,,,,,,,,,,,,,,,,,,,,,,,,,,1.62,2.2,,,pristine,icsd_literature
Mn2Tl2O7,Tl,Mn,3.0,4.0,1.85878,9.893990857142857,,,,,8.153730000000001,-6.167753032954546,-1.493021963411704,-5.977430000000001,,3.408287175,0.0,"half-metal, indirect",68.0,155.878,73.5629,190.691,0.29611,,,,,431.912,,0.001282953030302,0.98,0.53,,,,,1.62,1.55,,,pristine,"icsd_literature, aflow, mp"
Nb2Tl2O7,Tl,Nb,3.0,5.0,,10.69799,,,,,,-7.7185361595454545,-2.302056036969698,,,4.9400000000000015e-05,0.0,indirect,,,,,,,,,,,,0.028540367678566,0.98,0.64,,,,,1.62,1.6,,,pristine,"icsd_literature, mp"
Tl2Pb2O7,Tl,Pb,3.0,4.0,,10.874072,,,,,,-5.392357489545454,-1.137451543333333,,,0.000400099999999,0.037799999999999,indirect,,,,,,,,,,,,0.071645613636362,0.98,0.775,,,,,1.62,2.33,,DFT,pristine,mp
Tl2Pt2O7,Tl,Pt,3.0,4.0,2.70535,10.149197666666666,,,,,11.0409,-5.405448832954544,-1.149196037878786,-4.97798,,0.0,0.7876000000000001,"insulator-direct, indirect",64.0,171.894,84.9562,218.819,0.28841799999999995,,,,,390.38,,0.0,0.98,0.625,,,,,1.62,2.28,,,pristine,"icsd_literature, aflow, mp"
Tl2Ru2O6.96,Tl,Ru,3.0,4.0,,10.1978205,,,,,8.584735,-5.907233562727273,-1.304436474696969,-5.575565,,2.909121966666667,0.0,"half-metal, indirect",72.0,,,,,,,,,,,0.0,0.98,0.62,,,,,1.62,2.2,,,pristine,"icsd_literature, aflow, mp"
Tm2Ir2O7,Tm,Ir,,,,10.135,,,,,,,,,,,,,,,,,,,,,,,,,,,,,,,1.25,2.2,,,pristine,icsd_literature
Tm2Mn2O7,Tm,Mn,3.0,4.0,,9.800767,,,,,,-8.558531379090908,-2.92900769007837,,,12.0000005,0.996599999999999,indirect,,,,,,,,,,,,0.0,0.994,0.53,,,,,1.25,1.55,,DFT,pristine,mp
Tm2Nb2O7,Tm,Nb,3.0,5.0,,10.274208,,,,,,-9.20891143,-3.408607786818182,,,0.001429,0.0,indirect,,,,,,,,,,,,0.094689577449496,0.994,0.64,,,,,1.25,1.6,,DFT,pristine,mp
Tm2Pb2O7,Tm,Pb,3.0,4.0,,10.68562,,,,,,-7.185669521818181,-2.546940055,,,0.0005898,1.1489,indirect,,,,,,,,,,,,0.021082372954546,0.994,0.775,,,,,1.25,2.33,,DFT,pristine,mp
Tm2Pt2O7,Tm,Pt,3.0,4.0,,10.090605,,,,,,-7.557523736818186,-2.489978588181823,,,0.0,1.4709,indirect,,,,,,,,,,,,0.0,0.994,0.625,,,,,1.25,2.28,,DFT,pristine,mp
Tm2Ru2O7,Tm,Ru,3.0,4.0,,10.11398,,,,,,-8.260377630454546,-2.610419896363638,,,2.1244998,0.0,indirect,,,,,,,,,,,,0.043792458863631,0.994,0.62,,,,,1.25,2.2,,,pristine,"icsd_literature, mp"
Tm2Sn2O7,Tm,Sn,3.0,4.0,,10.251596857142859,,,,,7.87165,-7.51443833045455,-3.032940869545466,-7.30322,,0.18182,2.21585,"insulator-direct, indirect",60.0,,,,,,,,,,,0.0,0.994,0.69,,,,,1.25,1.96,,,pristine,"icsd_literature, aflow, mp"
Tm2Ti2O7,Tm,Ti,3.0,4.0,,10.07177,,,,,,-9.184505443636365,-3.7852587137878793,,,0.0002743,2.6252999999999997,indirect,,,,,,,,,,,,0.021351836136432,0.994,0.605,,,,,1.25,1.54,,,pristine,"icsd_literature, mp"
Tm2V2O7,Tm,V,3.0,4.0,,9.9410635,,,,,,-8.875237166818183,-3.259915154545456,,,3.9999997,0.0,indirect,,,,,,,,,,,,0.003586823181819,0.994,,,,,,1.25,1.63,,,pristine,"icsd_literature, mp"
Tm2Zr2O7,Tm,Zr,3.0,4.0,,10.505814,,,,,,-9.376203826818182,-3.858373712727274,,,0.0002217,2.3939,indirect,,,,,,,,,,,,0.101396007045458,0.994,0.72,,,,,1.25,1.33,,DFT,pristine,mp
Y2Ge2O7,Y,Ge,3.0,4.0,,9.920168,,,,,,-8.22732639272728,-3.054602234090915,,,0.0,3.1753,indirect,,,,,,,,,,,,0.0,1.019,0.53,,,,,1.22,2.01,,DFT,pristine,mp
Y2Hf2O7,Y,Hf,3.0,4.0,6.43897,10.377444,,,,,7.36826,-9.913630321818182,-3.989558998636363,-9.69513,,0.0,3.3994999999999997,"insulator-indirect, indirect",56.0,169.083,95.3711,240.833,0.2628045,,,,,495.957,,0.000279715795446,1.019,0.71,,,,,1.22,1.3,,DFT,pristine,"aflow, mp"
Y2Ir2O7,Y,Ir,3.0,4.0,,10.1534296,,,,,8.29467,-7.99214468159091,-2.499477690909091,-7.54565,,2.13077005,0.0,"half-metal, indirect",72.0,,,,,,,,,,,0.0,1.019,0.625,,,,,1.22,2.2,,,pristine,"icsd_literature, aflow, mp"
Y2Mn2O7,Y,Mn,3.0,4.0,4.72584,9.8887695,,,,,5.225435,-8.357631218030305,-2.8683690523510963,-8.103265,,4.363597233333333,0.8613999999999997,"insulator-indirect, indirect",68.0,175.067,103.964,260.355,0.252137,,,,,643.793,,0.0,1.019,0.53,,,,,1.22,1.55,,,pristine,"icsd_literature, aflow, mp"
Y2Mo2O7,Y,Mo,3.0,4.0,,10.283493333333332,,,,,5.69347,-8.853101717954546,-2.9249034127272733,-8.47719,,0.18193465,0.0,"half-metal, indirect",64.0,,,,,,,,,,,0.01300473181819,1.019,0.65,,,,,1.22,2.16,,,pristine,"icsd_literature, aflow, mp"
Y2Pb2O7,Y,Pb,3.0,4.0,,10.672173,,,,,,-7.535393897272725,-2.52819351772727,,,0.0,0.998699999999999,indirect,,,,,0.283,,,,,,,0.0,1.019,0.775,,,,,1.22,2.33,,DFT,pristine,mp
Y2Pt2O7,Y,Pt,3.0,4.0,,10.195218,,,,,,-7.868766767727274,-2.432750706363636,,,0.0,1.421399999999999,indirect,,,,,,,,,,,,0.0,1.019,0.625,,,,,1.22,2.28,,DFT,pristine,mp
Y2Rh2O7,Y,Rh,,,,10.11833,,,,,,,,,,,,,,,,,,,,,,,,,,,,,,,1.22,2.28,,,pristine,icsd_literature
Y2Ru2O7,Y,Ru,3.0,4.0,4.75822,10.1392104,,,,,6.018345,-7.982460410151515,-2.561902583636363,-7.6835249999999995,,0.9537530666666667,0.3731333333333334,"insulator-indirect, indirect",72.0,187.339,88.5913,229.584,0.29575,,,,,541.614,,0.030400234886359,1.019,0.62,,,,,1.22,2.2,,,pristine,"icsd_literature, aflow, mp"
Y2Sn2O7,Y,Sn,3.0,4.0,4.575925,10.372571666666667,,,,,5.8711,-7.510409683920454,-3.005540767272727,-7.430935714285714,,0.0,2.3097374999999998,"insulator-direct, indirect",56.0,158.9195,85.3572,217.1875,0.26981666666666665,,,,,521.675,,0.0,1.019,0.69,,,,,1.22,1.96,,,pristine,"icsd_literature, aflow, mp"
Y2Ti2O7,Y,Ti,3.0,4.0,3.8968799999999995,10.088389512820513,9.95,,96.1,4.2275,4.801273333333333,-8.6611209487987,-3.74501564060606,-8.595612307692308,,0.0,3.249135714285714,"insulator-indirect, indirect",56.0,182.45,100.536,273.2535,0.2740786666666667,1.299,,,,650.523,,0.010947579090913,1.019,0.605,1.684,,,,1.22,1.54,,,pristine,"icsd_literature, aflow, mp, literature_extraction"
Y2V2O7,Y,V,3.0,4.0,6.22808,10.004912500000001,,,,,5.0237099999999995,-8.531164862272728,-2.880301799545454,-8.198235,,2.08816415,0.201825,"metal, insulator-indirect, indirect",60.0,190.011,95.2391,244.815,0.285263,,,,,624.615,,0.34089041863636405,1.019,,,,,,1.22,1.63,,,pristine,"icsd_literature, aflow, mp"
Y2Zr2O7,Y,Zr,3.0,4.0,4.365665,10.488776666666666,,,,,5.25984,-9.509683905227273,-3.841946783636363,-9.29112,,0.0001185,2.76175,"insulator-direct, indirect",56.0,160.711,86.5563,220.147,0.2713475,,,,,555.027,,0.059569627045453,1.019,0.72,,,,,1.22,1.33,,,pristine,"icsd_literature, aflow, mp, literature_extraction"
Yb2Ge2O7,Yb,Ge,3.0,4.0,,9.7902,,,,,8.22453,-6.38627,,-6.38627,,0.181568,0.3341,insulator-indirect_spin-polarized,56.0,,,,,,,,,,,,0.985,0.53,,,,,1.1,2.01,,,pristine,"icsd_literature, aflow"
Yb2Ir2O6.97,Yb,Ir,,,,10.104,,,,,,,,,,,,,,,,,,,,,,,,,,,,,,,1.1,2.2,,,pristine,icsd_literature
Yb2Ru2O7,Yb,Ru,3.0,4.0,,10.06365,,,,,8.13925,-6.32119,,-6.32119,,0.357385,0.0,metal,72.0,,,,,,,,,,,,0.985,0.62,,,,,1.1,2.2,,,pristine,"icsd_literature, aflow"
Yb2Sn2O7,Yb,Sn,3.0,4.0,,10.313633333333334,,,,,7.93136,-6.046,,-6.046,,0.181824,0.0,half-metal,56.0,,,,,,,,,,,,0.985,0.69,,,,,1.1,1.96,,,pristine,"icsd_literature, aflow"
Yb2Ti2O7,Yb,Ti,3.0,4.0,1.9300000000000002,10.043206209302324,12.1,,99.6,6.945,24.766734,-7.2333725,,-7.2333725,,-0.090898,0.08335,insulator-direct,56.0,,,,,,,0.79,,,,,0.99,0.605,1.64,,,,1.1,1.54,,,pristine,"icsd_literature, aflow, literature_extraction"
Yb2V2O7,Yb,V,3.0,4.0,,9.91355,,,,,7.25841,-7.15481,,-7.15481,,0.0,0.0,metal,60.0,,,,,,,,,,,,0.985,,,,,,1.1,1.63,,,pristine,"icsd_literature, aflow"
Yb2Zr2O7,Yb,Zr,3.0,4.0,1.76,,12.08,,98.5,7.525,7.71,,,,,,,,,,,,,1.53,,0.66,10.519950000000001,,,,0.985,0.72,1.368,,,,1.1,1.33,,nan,pristine,literature_extraction
