Composition,Sample A,Sample B,a_stoich_json,b_stoich_json,Lattice Parameter (Angstrom),compound_type,Temperature,data_source,ROM_Lattice_Parameter_A,ROM_Ionic_Radius_A,ROM_Ionic_Radius_B,ROM_Radius_Ratio_rA_rB,ROM_Electronegativity_A,ROM_Electronegativity_B,ROM_Electronegativity_Diff,ROM_Lattice_Distortion_A,ROM_Lattice_Distortion_B,ROM_Bulk_Modulus_GPa,ROM_Shear_Modulus_GPa,ROM_Thermal_Conductivity_W_mK
YbHo Ti HP,"Yb,Ho",Ti,"{""Yb"": 0.5, ""Ho"": 0.5}","{""Ti"": 1.0}",10.07653,high_entropy,293.63157894736844,safin_experimental,10.106621853071253,1.0,0.605,1.6528925619834711,1.17,1.54,0.37,0.014999999999999958,0.0,172.75462434510422,92.21097618083553,6.116823072851436
YbHoTb Ti HP,"Yb,Ho,Tb",Ti,"{""Yb"": 0.3333333333333333, ""Ho"": 0.3333333333333333, ""Tb"": 0.3333333333333333}","{""Ti"": 1.0}",10.09559,high_entropy,293.63157894736844,safin_experimental,10.141287818714169,1.0133333333333332,0.605,1.6749311294765838,1.1866666666666665,1.54,0.35333333333333333,0.02218871309742114,0.0,184.839,102.44899999999998,6.634509999999999
YbHoTbNd Ti HP,"Yb,Ho,Tb,Nd",Ti,"{""Yb"": 0.25, ""Ho"": 0.25, ""Tb"": 0.25, ""Nd"": 0.25}","{""Ti"": 1.0}",10.11292,high_entropy,293.63157894736844,safin_experimental,10.202534989035627,1.03725,0.605,1.7144628099173553,1.1749999999999998,1.54,0.36500000000000005,0.0441293980738519,0.0,184.839,102.449,6.63451
YbHoTbNdPr Ti HP,"Yb,Ho,Tb,Nd,Pr",Ti,"{""Yb"": 0.2, ""Ho"": 0.2, ""Tb"": 0.2, ""Nd"": 0.2, ""Pr"": 0.2}","{""Ti"": 1.0}",10.18264,high_entropy,293.63157894736844,safin_experimental,10.202534989035627,1.03725,0.605,1.7144628099173553,1.1749999999999998,1.5400000000000003,0.36500000000000005,0.03947053355971245,0.0,184.839,102.44900000000001,6.63451
PrSmGdHoLu TI SDJ,"Pr,Sm,Gd,Ho,Lu",Ti,"{""Pr"": 0.2, ""Sm"": 0.2, ""Gd"": 0.2, ""Ho"": 0.2, ""Lu"": 0.2}","{""Ti"": 1.0}",10.17812,high_entropy,293.63157894736844,safin_experimental,10.158321467259057,1.031,0.605,1.7041322314049585,1.22,1.5400000000000003,0.32000000000000006,0.033487248305784804,0.0,179.62799999999996,98.4684,6.45483
SmEuGdTbDy Ti SDJ,"Sm,Eu,Gd,Tb,Dy",Ti,"{""Sm"": 0.2, ""Eu"": 0.2, ""Gd"": 0.2, ""Tb"": 0.2, ""Dy"": 0.2}","{""Ti"": 1.0}",10.184691,high_entropy,293.63157894736844,safin_experimental,10.239811936406928,1.0530000000000002,0.605,1.7404958677685953,1.204,1.5400000000000003,0.3360000000000001,0.01745942669596415,0.0,183.46299999999997,101.13213333333333,6.557433333333332
PrNdGdYbLu Ti SDJ,"Pr,Nd,Gd,Yb,Lu",Ti,"{""Pr"": 0.2, ""Nd"": 0.2, ""Gd"": 0.2, ""Yb"": 0.2, ""Lu"": 0.2}","{""Ti"": 1.0}",10.175423,high_entropy,293.63157894736844,safin_experimental,10.20430592788559,1.031,0.605,1.7041322314049585,1.1774999999999998,1.5400000000000003,0.36250000000000004,0.04671811669754528,0.0,179.62799999999996,98.4684,6.45483
PrSmGdHoLu Ti HPSDJ,"Pr,Sm,Gd,Ho,Lu",Ti,"{""Pr"": 0.2, ""Sm"": 0.2, ""Gd"": 0.2, ""Ho"": 0.2, ""Lu"": 0.2}","{""Ti"": 1.0}",10.17788,high_entropy,293.63157894736844,safin_experimental,10.158321467259057,1.031,0.605,1.7041322314049585,1.22,1.5400000000000003,0.32000000000000006,0.033487248305784804,0.0,179.62799999999996,98.4684,6.45483
PrNdGdYbLu Ti HPSDJ,"Pr,Nd,Gd,Yb,Lu",Ti,"{""Pr"": 0.2, ""Nd"": 0.2, ""Gd"": 0.2, ""Yb"": 0.2, ""Lu"": 0.2}","{""Ti"": 1.0}",10.17459,high_entropy,293.63157894736844,safin_experimental,10.20430592788559,1.031,0.605,1.7041322314049585,1.1774999999999998,1.5400000000000003,0.36250000000000004,0.04671811669754528,0.0,179.62799999999996,98.4684,6.45483
SmEuGdTbDy Ti HPSDJ,"Sm,Eu,Gd,Tb,Dy",Ti,"{""Sm"": 0.2, ""Eu"": 0.2, ""Gd"": 0.2, ""Tb"": 0.2, ""Dy"": 0.2}","{""Ti"": 1.0}",10.18337,high_entropy,293.63157894736844,safin_experimental,10.239811936406928,1.0530000000000002,0.605,1.7404958677685953,1.204,1.5400000000000003,0.3360000000000001,0.01745942669596415,0.0,183.46299999999997,101.13213333333333,6.557433333333332
PrSmGdHoLu Ti CDTF,"Pr,Sm,Gd,Ho,Lu",Ti,"{""Pr"": 0.2, ""Sm"": 0.2, ""Gd"": 0.2, ""Ho"": 0.2, ""Lu"": 0.2}","{""Ti"": 1.0}",10.17813232,high_entropy,293.63157894736844,safin_experimental,10.158321467259057,1.031,0.605,1.7041322314049585,1.22,1.5400000000000003,0.32000000000000006,0.033487248305784804,0.0,179.62799999999996,98.4684,6.45483
PrNdGdYbLu CDTF,"Pr,Nd,Gd,Yb,Lu",Ti,"{""Pr"": 0.2, ""Nd"": 0.2, ""Gd"": 0.2, ""Yb"": 0.2, ""Lu"": 0.2}","{""Ti"": 1.0}",10.17715823,high_entropy,293.63157894736844,safin_experimental,10.20430592788559,1.031,0.605,1.7041322314049585,1.1774999999999998,1.5400000000000003,0.36250000000000004,0.04671811669754528,0.0,179.62799999999996,98.4684,6.45483
SmEuGdTbDy Ti CDTF,"Sm,Eu,Gd,Tb,Dy",Ti,"{""Sm"": 0.2, ""Eu"": 0.2, ""Gd"": 0.2, ""Tb"": 0.2, ""Dy"": 0.2}","{""Ti"": 1.0}",10.18087481,high_entropy,293.63157894736844,safin_experimental,10.239811936406928,1.0530000000000002,0.605,1.7404958677685953,1.204,1.5400000000000003,0.3360000000000001,0.01745942669596415,0.0,183.46299999999997,101.13213333333333,6.557433333333332
SmEuGdTbDy SPS,"Sm,Eu,Gd,Tb,Dy",Ti,"{""Sm"": 0.2, ""Eu"": 0.2, ""Gd"": 0.2, ""Tb"": 0.2, ""Dy"": 0.2}","{""Ti"": 1.0}",10.186104,high_entropy,293.63157894736844,safin_experimental,10.239811936406928,1.0530000000000002,0.605,1.7404958677685953,1.204,1.5400000000000003,0.3360000000000001,0.01745942669596415,0.0,183.46299999999997,101.13213333333333,6.557433333333332
PrNdGdYbLu SPS,"Pr,Nd,Gd,Yb,Lu",Ti,"{""Pr"": 0.2, ""Nd"": 0.2, ""Gd"": 0.2, ""Yb"": 0.2, ""Lu"": 0.2}","{""Ti"": 1.0}",10.173943,high_entropy,293.63157894736844,safin_experimental,10.20430592788559,1.031,0.605,1.7041322314049585,1.1774999999999998,1.5400000000000003,0.36250000000000004,0.04671811669754528,0.0,179.62799999999996,98.4684,6.45483
PrSmGdHoLu SPS,"Pr,Sm,Gd,Ho,Lu",Ti,"{""Pr"": 0.2, ""Sm"": 0.2, ""Gd"": 0.2, ""Ho"": 0.2, ""Lu"": 0.2}","{""Ti"": 1.0}",10.182036,high_entropy,293.63157894736844,safin_experimental,10.158321467259057,1.031,0.605,1.7041322314049585,1.22,1.5400000000000003,0.32000000000000006,0.033487248305784804,0.0,179.62799999999996,98.4684,6.45483
LaLuTiZr TF,"La,Lu","Ti,Zr","{""La"": 0.5, ""Lu"": 0.5}","{""Ti"": 0.5, ""Zr"": 0.5}",10.36904,high_entropy,293.63157894736844,safin_experimental,10.484944868818713,1.099,0.6433333333333333,1.7082901554404146,1.1566666666666667,1.47,0.3133333333333333,0.0877611179573572,0.09421293547133772,162.4195,84.47595000000001,5.455
LaGdLuTiZr TF,"La,Gd,Lu","Ti,Zr","{""La"": 0.3333333333333333, ""Gd"": 0.3333333333333333, ""Lu"": 0.3333333333333333}","{""Ti"": 0.5, ""Zr"": 0.5}",10.37753523,high_entropy,293.63157894736844,safin_experimental,10.459392109302433,1.0806,0.651,1.6599078341013824,1.174,1.4560000000000002,0.2820000000000001,0.07128090204349784,0.09007484547821354,168.2335,86.163325,5.5229425
LaEuLuTiZr TF,"La,Eu,Lu","Ti,Zr","{""La"": 0.3333333333333333, ""Eu"": 0.3333333333333333, ""Lu"": 0.3333333333333333}","{""Ti"": 0.5, ""Zr"": 0.5}",10.38009,high_entropy,293.63157894736844,safin_experimental,10.484912536442744,1.0857999999999999,0.651,1.6678955453148998,1.174,1.4560000000000002,0.2820000000000001,0.07081195765775043,0.09007484547821354,162.4195,84.47595000000001,5.455
PrYbTiZr TF,"Pr,Yb","Ti,Zr","{""Pr"": 0.5, ""Yb"": 0.5}","{""Ti"": 0.5, ""Zr"": 0.5}",10.36939,high_entropy,293.63157894736844,safin_experimental,10.453305277787162,1.0554999999999999,0.6625,1.5932075471698113,1.115,1.435,0.32000000000000006,0.06679298910468968,0.08679245283018867,172.75462434510422,92.21097618083553,6.116823072851436
PrYbTiHf TF,"Pr,Yb","Ti,Hf","{""Pr"": 0.5, ""Yb"": 0.5}","{""Ti"": 0.5, ""Hf"": 0.5}",10.34771,high_entropy,293.63157894736844,safin_experimental,10.409511262162162,1.0554999999999999,0.6575,1.6053231939163497,1.115,1.42,0.30500000000000005,0.06679298910468968,0.07984790874524714,172.75462434510422,92.21097618083553,6.116823072851436
LaGdLuTiHf TF,"La,Gd,Lu","Ti,Hf","{""La"": 0.3333333333333333, ""Gd"": 0.3333333333333333, ""Lu"": 0.3333333333333333}","{""Ti"": 0.5, ""Hf"": 0.5}",10.36585,high_entropy,293.63157894736844,safin_experimental,10.438288570776942,1.0806,0.6469999999999999,1.6701700154559507,1.174,1.4440000000000002,0.2700000000000001,0.07128090204349784,0.08275070307994475,170.43900000000002,92.531775,5.78749
LaGdLu TiZr SM 2500 1500 20,"La,Gd,Lu","Ti,Zr","{""La"": 0.3333333333333333, ""Gd"": 0.3333333333333333, ""Lu"": 0.3333333333333333}","{""Ti"": 0.5, ""Zr"": 0.5}",10.35687,high_entropy,293.63157894736844,safin_experimental,10.459392109302433,1.0806,0.651,1.6599078341013824,1.174,1.4560000000000002,0.2820000000000001,0.07128090204349784,0.09007484547821354,168.2335,86.163325,5.5229425
PrYb SM 2500 1500 20,"Pr,Yb","Ti,Zr","{""Pr"": 0.5, ""Yb"": 0.5}","{""Ti"": 0.5, ""Zr"": 0.5}",10.37021,high_entropy,293.63157894736844,safin_experimental,10.453305277787162,1.0554999999999999,0.6625,1.5932075471698113,1.115,1.435,0.32000000000000006,0.06679298910468968,0.08679245283018867,172.75462434510422,92.21097618083553,6.116823072851436
LaGdLuTiHf SM 2500 1500 20,"La,Gd,Lu","Ti,Hf","{""La"": 0.3333333333333333, ""Gd"": 0.3333333333333333, ""Lu"": 0.3333333333333333}","{""Ti"": 0.5, ""Hf"": 0.5}",10.36733,high_entropy,293.63157894736844,safin_experimental,10.438288570776942,1.0806,0.6469999999999999,1.6701700154559507,1.174,1.4440000000000002,0.2700000000000001,0.07128090204349784,0.08275070307994475,170.43900000000002,92.531775,5.78749
PrYb TiHf SM 2500 1500 20,"Pr,Yb","Ti,Hf","{""Pr"": 0.5, ""Yb"": 0.5}","{""Ti"": 0.5, ""Hf"": 0.5}",10.37763,high_entropy,293.63157894736844,safin_experimental,10.409511262162162,1.0554999999999999,0.6575,1.6053231939163497,1.115,1.42,0.30500000000000005,0.06679298910468968,0.07984790874524714,172.75462434510422,92.21097618083553,6.116823072851436
LaYTiZr TF,"La,Y","Ti,Zr","{""La"": 0.5, ""Y"": 0.5}","{""Ti"": 0.5, ""Zr"": 0.5}",10.36109,high_entropy,293.63157894736844,safin_experimental,10.550665463246379,1.0895,0.6625,1.6445283018867924,1.16,1.435,0.275,0.06470858191831116,0.08679245283018867,167.0,89.01105000000001,6.2522425
LaSmYTiZr TF,"La,Sm,Y","Ti,Zr","{""La"": 0.3333333333333333, ""Sm"": 0.3333333333333333, ""Y"": 0.3333333333333333}","{""Ti"": 0.5, ""Zr"": 0.5}",10.3711,high_entropy,293.63157894736844,safin_experimental,10.507235151423512,1.086,0.6625000000000001,1.6392452830188677,1.1633333333333336,1.4350000000000003,0.27166666666666683,0.053200209302594066,0.08679245283018874,167.0,89.01105,6.2522424999999995
Gd1.925Th0.075Zr1.925Al0.075O7,"Al,Gd","Th,Zr","{""Gd"": 0.9625, ""Al"": 0.0375}","{""Th"": 0.0375, ""Zr"": 0.9625}",10.527,high_entropy,298.0,icsd_literature,10.564383568627452,1.053,0.72,1.4625,1.2,1.33,0.13000000000000012,0.0,0.0,168.46699999999998,77.233,4.72694
Gd1.9Th0.1Zr1.9Al0.1O7,"Al,Gd","Th,Zr","{""Gd"": 0.95, ""Al"": 0.05}","{""Th"": 0.05, ""Zr"": 0.95}",10.531,high_entropy,298.0,icsd_literature,10.564383568627452,1.053,0.72,1.4625,1.2,1.33,0.13000000000000012,0.0,0.0,168.46699999999998,77.233,4.72694
Gd1.85Th0.15Zr1.85Al0.15O7,"Al,Gd","Th,Zr","{""Gd"": 0.925, ""Al"": 0.075}","{""Th"": 0.075, ""Zr"": 0.925}",10.537,high_entropy,298.0,icsd_literature,10.564383568627452,1.053,0.7199999999999999,1.4625000000000001,1.2,1.33,0.13000000000000012,0.0,1.4830254356093955e-16,168.467,77.233,4.726940000000001
Gd1.8Th0.2Zr1.8Al0.2O7,"Al,Gd","Th,Zr","{""Gd"": 0.9, ""Al"": 0.1}","{""Th"": 0.1, ""Zr"": 0.9}",10.543,high_entropy,298.0,icsd_literature,10.564383568627452,1.053,0.72,1.4625,1.2,1.33,0.13000000000000012,0.0,0.0,168.46699999999998,77.233,4.72694
Dy1.8Bi0.2Ru2O7,"Bi,Dy",Ru,"{""Bi"": 0.1, ""Dy"": 0.9}","{""Ru"": 1.0}",10.1798,high_entropy,293.0,icsd_literature,10.178548750000001,1.0413,0.76,1.3701315789473683,1.309,2.2,0.8910000000000002,0.041198501872659186,0.0,172.75462434510422,92.21097618083553,6.116823072851436
Nd1.8Bi0.2Ru2O7,"Bi,Nd",Ru,"{""Bi"": 0.1, ""Nd"": 0.9}","{""Ru"": 1.0}",10.3311,high_entropy,293.0,icsd_literature,10.33764625,1.1151,0.76,1.467236842105263,1.228,2.2,0.9720000000000003,0.01641108420769436,0.0,172.75462434510422,92.21097618083553,6.116823072851436
Pr1.8Bi0.2Ru2O7,"Bi,Pr",Ru,"{""Bi"": 0.1, ""Pr"": 0.9}","{""Ru"": 1.0}",10.368,high_entropy,293.0,icsd_literature,10.365793749999998,1.1303999999999998,0.76,1.4873684210526315,1.2189999999999999,2.2,0.9810000000000003,0.011677282377919334,0.0,172.75462434510422,92.21097618083553,6.116823072851436
Sm1.8Bi0.2Ru2O7,"Bi,Sm",Ru,"{""Bi"": 0.1, ""Sm"": 0.9}","{""Ru"": 1.0}",10.2779,high_entropy,293.0,icsd_literature,10.280293749999998,1.0880999999999998,0.76,1.4317105263157892,1.255,2.2,0.9450000000000003,0.02508960573476702,0.0,172.75462434510422,92.21097618083553,6.116823072851436
Y1.8Bi0.2Ru2O7,"Bi,Y",Ru,"{""Bi"": 0.1, ""Y"": 0.9}","{""Ru"": 1.0}",10.1525,high_entropy,293.0,icsd_literature,10.15402375,1.0341,0.76,1.3606578947368422,1.3,2.2,0.9000000000000002,0.043806208297069923,0.0,172.75462434510422,92.21097618083553,6.116823072851436
Y1.8Sn2Bi0.2O7,"Bi,Y",Sn,"{""Bi"": 0.1, ""Y"": 0.9}","{""Sn"": 1.0}",10.3563,high_entropy,293.0,icsd_literature,10.553006428571427,1.019,0.69,1.4768115942028985,1.22,1.96,0.74,0.0,0.0,158.9195,85.3572,4.575925
Nd1.75Bi0.25Ru2O6.988,"Bi,Nd",Ru,"{""Bi"": 0.125, ""Nd"": 0.875}","{""Ru"": 1.0}",10.341,high_entropy,293.0,icsd_literature,10.336414062500001,1.116625,0.76,1.4692434210526315,1.25,2.2,0.9500000000000002,0.018066811818531273,0.0,172.75462434510422,92.21097618083553,6.116823072851436
Y1.73Ti2Bi0.27O7,"Bi,Y",Ti,"{""Y"": 0.865, ""Bi"": 0.135}","{""Ti"": 1.0}",10.134,high_entropy,293.0,icsd_literature,10.223066228985507,1.019,0.6049999999999999,1.6842975206611572,1.22,1.54,0.32000000000000006,0.0,1.8350793795457136e-16,182.45,100.536,7.51764
Dy1.6Bi0.4Ru2O7,"Bi,Dy",Ru,"{""Bi"": 0.2, ""Dy"": 0.8}","{""Ru"": 1.0}",10.1931,high_entropy,293.0,icsd_literature,10.191297500000001,1.0556,0.7600000000000001,1.3889473684210525,1.388,2.2,0.8120000000000003,0.054187192118226604,1.460819769243627e-16,172.75462434510422,92.21097618083553,6.116823072851436
Bi0.5Ir2Pb1.5O7,"Bi,Ir",Pb,"{""Bi"": 0.2, ""Ir"": 0.8}","{""Pb"": 1.0}",10.1838,high_entropy,300.0,icsd_literature,10.236269,1.0,0.7850000000000001,1.273885350318471,2.2,2.33,0.1299999999999999,0.0,1.41429684665625e-16,172.75462434510422,92.21097618083553,6.116823072851436
Nd1.6Bi0.4Ru2O7,"Bi,Nd",Ru,"{""Bi"": 0.2, ""Nd"": 0.8}","{""Ru"": 1.0}",10.3341,high_entropy,293.0,icsd_literature,10.332717500000001,1.1212,0.7600000000000001,1.4752631578947366,1.3159999999999998,2.2,0.8840000000000003,0.021762397431323563,1.460819769243627e-16,172.75462434510422,92.21097618083553,6.116823072851436
Pr1.6Bi0.4Ru2O7,"Bi,Pr",Ru,"{""Bi"": 0.2, ""Pr"": 0.8}","{""Ru"": 1.0}",10.36195,high_entropy,293.0,icsd_literature,10.3577375,1.1347999999999998,0.7600000000000001,1.4931578947368416,1.3079999999999998,2.2,0.8920000000000003,0.015509340853013762,1.460819769243627e-16,172.75462434510422,92.21097618083553,6.116823072851436
Sm1.6Bi0.4Ru2O7,"Bi,Sm",Ru,"{""Bi"": 0.2, ""Sm"": 0.8}","{""Ru"": 1.0}",10.2831,high_entropy,293.0,icsd_literature,10.2817375,1.0972,0.7600000000000001,1.4436842105263155,1.3399999999999999,2.2,0.8600000000000003,0.03317535545023696,1.460819769243627e-16,172.75462434510422,92.21097618083553,6.116823072851436
Y1.6Bi0.4Ru2O7,"Bi,Y",Ru,"{""Bi"": 0.2, ""Y"": 0.8}","{""Ru"": 1.0}",10.1774,high_entropy,293.0,icsd_literature,10.169497500000002,1.0492,0.7600000000000001,1.3805263157894734,1.38,2.2,0.8200000000000003,0.057567670606176145,1.460819769243627e-16,172.75462434510422,92.21097618083553,6.116823072851436
Y1.6Sn2Bi0.4O7,"Bi,Y",Sn,"{""Bi"": 0.2, ""Y"": 0.8}","{""Sn"": 1.0}",10.3697,high_entropy,293.0,icsd_literature,10.553006428571427,1.019,0.6899999999999998,1.4768115942028988,1.22,1.96,0.7399999999999999,0.0,1.6090188762683433e-16,158.9195,85.3572,4.575925
Dy1.5Bi0.5Ru2O7,"Bi,Dy",Ru,"{""Bi"": 0.25, ""Dy"": 0.75}","{""Ru"": 1.0}",10.2016,high_entropy,293.0,icsd_literature,10.197671875000001,1.0627499999999999,0.76,1.3983552631578946,1.4275,2.2,0.7725000000000002,0.058264706065008116,0.0,172.75462434510422,92.21097618083553,6.116823072851436
Gd1.5Bi0.5Ru2O7,"Bi,Gd",Ru,"{""Bi"": 0.25, ""Gd"": 0.75}","{""Ru"": 1.0}",10.2468,high_entropy,293.0,icsd_literature,10.249996875,1.08225,0.76,1.4240131578947368,1.4049999999999998,2.2,0.7950000000000003,0.046812183988348036,0.0,172.75462434510422,92.21097618083553,6.116823072851436
Lu1.5Bi0.5Ru2O7,"Bi,Lu",Ru,"{""Bi"": 0.25, ""Lu"": 0.75}","{""Ru"": 1.0}",10.1187,high_entropy,293.0,icsd_literature,10.129721875,1.02525,0.76,1.3490131578947369,1.4575,2.2,0.7425000000000002,0.08151324210211977,0.0,172.75462434510422,92.21097618083553,6.116823072851436
Nd1.5Bi0.5Ru2O7,"Bi,Nd",Ru,"{""Bi"": 0.25, ""Nd"": 0.75}","{""Ru"": 1.0}",10.3306,high_entropy,293.0,icsd_literature,10.330253125,1.12425,0.76,1.4792763157894737,1.3599999999999999,2.2,0.8400000000000002,0.023494573996375678,0.0,172.75462434510422,92.21097618083553,6.116823072851436
Pr1.5Bi0.5Ru2O7,"Bi,Pr",Ru,"{""Bi"": 0.25, ""Pr"": 0.75}","{""Ru"": 1.0}",10.3565,high_entropy,293.0,icsd_literature,10.353709375,1.137,0.76,1.4960526315789473,1.3525,2.2,0.8475000000000003,0.016756867971202877,0.0,172.75462434510422,92.21097618083553,6.116823072851436
Sm1.5Bi0.5Ru2O7,"Bi,Sm",Ru,"{""Bi"": 0.25, ""Sm"": 0.75}","{""Ru"": 1.0}",10.2802,high_entropy,293.0,icsd_literature,10.282459374999998,1.10175,0.76,1.449671052631579,1.3824999999999998,2.2,0.8175000000000002,0.035765060923251143,0.0,172.75462434510422,92.21097618083553,6.116823072851436
Y1.5Bi0.5Ru2O7,"Bi,Y",Ru,"{""Bi"": 0.25, ""Y"": 0.75}","{""Ru"": 1.0}",10.1834,high_entropy,293.0,icsd_literature,10.177234375,1.0567499999999999,0.76,1.3904605263157892,1.42,2.2,0.7800000000000001,0.06187359165907276,0.0,172.75462434510422,92.21097618083553,6.116823072851436
Dy1.4Bi0.6Ru2O7,"Bi,Dy",Ru,"{""Bi"": 0.3, ""Dy"": 0.7}","{""Ru"": 1.0}",10.2016,high_entropy,293.0,icsd_literature,10.20404625,1.0698999999999999,0.7599999999999999,1.407763157894737,1.467,2.2,0.7330000000000001,0.0612494928851935,1.4608197692436271e-16,172.75462434510422,92.21097618083553,6.116823072851436
Nd1.4Bi0.6Ru2O7,"Bi,Nd",Ru,"{""Bi"": 0.3, ""Nd"": 0.7}","{""Ru"": 1.0}",10.3311,high_entropy,293.0,icsd_literature,10.32778875,1.1273,0.7599999999999999,1.4832894736842106,1.404,2.2,0.7960000000000002,0.024797047582037254,1.4608197692436271e-16,172.75462434510422,92.21097618083553,6.116823072851436
Pr1.4Bi0.6Ru2O7,"Bi,Pr",Ru,"{""Bi"": 0.3, ""Pr"": 0.7}","{""Ru"": 1.0}",10.3547,high_entropy,293.0,icsd_literature,10.349681249999998,1.1391999999999998,0.7599999999999999,1.4989473684210526,1.3969999999999998,2.2,0.8030000000000002,0.017699555001585075,1.4608197692436271e-16,172.75462434510422,92.21097618083553,6.116823072851436
Sm1.4Bi0.6Ru2O7,"Bi,Sm",Ru,"{""Bi"": 0.3, ""Sm"": 0.7}","{""Ru"": 1.0}",10.2862,high_entropy,293.0,icsd_literature,10.283181249999998,1.1063,0.7599999999999999,1.4556578947368424,1.4249999999999998,2.2,0.7750000000000001,0.037694512179425224,1.4608197692436271e-16,172.75462434510422,92.21097618083553,6.116823072851436
Y1.4Bi0.6Ru2O7,"Bi,Y",Ru,"{""Bi"": 0.3, ""Y"": 0.7}","{""Ru"": 1.0}",10.1924,high_entropy,293.0,icsd_literature,10.18497125,1.0642999999999998,0.7599999999999999,1.4003947368421052,1.46,2.2,0.7400000000000001,0.06501634219095481,1.4608197692436271e-16,172.75462434510422,92.21097618083553,6.116823072851436
Y1.4Sn2Bi0.6O7,"Bi,Y",Sn,"{""Bi"": 0.3, ""Y"": 0.7}","{""Sn"": 1.0}",10.39665,high_entropy,293.0,icsd_literature,10.553006428571427,1.019,0.69,1.4768115942028985,1.22,1.96,0.7400000000000001,0.0,0.0,158.9195,85.3572,4.575925
Yb1.375Bi0.625Ru2O7,"Bi,Yb",Ru,"{""Bi"": 0.3125, ""Yb"": 0.6875}","{""Ru"": 1.0}",10.1405,high_entropy,293.0,icsd_literature,10.14335234375,1.0428125,0.76,1.3721217105263157,1.3875000000000002,2.2,0.8125000000000001,0.08222935092074901,0.0,172.75462434510422,92.21097618083553,6.116823072851436
Eu1.33Ti2Bi0.66O7,"Bi,Eu",Ti,"{""Bi"": 0.3316582914572864, ""Eu"": 0.6683417085427136}","{""Ti"": 1.0}",10.25373,high_entropy,293.0,icsd_literature,10.325422742424244,1.066,0.605,1.7619834710743802,1.2,1.5399999999999998,0.3400000000000001,0.0,0.0,172.75462434510422,92.21097618083553,6.116823072851436
Ho1.33Ti2Bi0.66O7,"Bi,Ho",Ti,"{""Bi"": 0.3316582914572864, ""Ho"": 0.6683417085427136}","{""Ti"": 1.0}",10.18701,high_entropy,293.0,icsd_literature,10.090721181818182,1.015,0.605,1.677685950413223,1.24,1.5399999999999998,0.30000000000000004,0.0,0.0,172.75462434510422,92.21097618083553,6.116823072851436
BiIr2PbO7,"Bi,Ir",Pb,"{""Bi"": 0.3333333333333333, ""Ir"": 0.6666666666666666}","{""Pb"": 1.0}",10.19191,high_entropy,300.0,icsd_literature,10.236269,1.0,0.785,1.2738853503184713,2.2,2.33,0.1299999999999999,0.0,0.0,172.75462434510422,92.21097618083553,6.116823072851436
Yb1.33Ti2Bi0.66O7,"Bi,Yb",Ti,"{""Bi"": 0.3316582914572864, ""Yb"": 0.6683417085427136}","{""Ti"": 1.0}",10.14539,high_entropy,293.0,icsd_literature,10.122522524324324,0.985,0.605,1.6280991735537191,1.1,1.5399999999999998,0.43999999999999995,0.0,0.0,172.75462434510422,92.21097618083553,6.116823072851436
Y1.3Ti2Bi0.7O7,"Bi,Y",Ti,"{""Y"": 0.65, ""Bi"": 0.35}","{""Ti"": 1.0}",10.206,high_entropy,293.0,icsd_literature,10.223066228985507,1.019,0.605,1.684297520661157,1.22,1.54,0.32000000000000006,0.0,0.0,182.45,100.53599999999999,7.51764
Gd1.27Ti2Bi0.73O7,"Bi,Gd",Ti,"{""Gd"": 0.635, ""Bi"": 0.365}","{""Ti"": 1.0}",10.2408,high_entropy,293.0,icsd_literature,10.277742371428571,1.053,0.605,1.7404958677685949,1.2,1.54,0.3400000000000001,0.0,0.0,179.628,98.4684,6.45483
Y1.26Ti2Bi0.74O7,"Bi,Y",Ti,"{""Y"": 0.63, ""Bi"": 0.37}","{""Ti"": 1.0}",10.221,high_entropy,293.0,icsd_literature,10.223066228985507,1.019,0.605,1.684297520661157,1.22,1.54,0.32000000000000006,0.0,0.0,182.45,100.536,7.51764
Nd1.25Bi0.75Ru2O6.978,"Bi,Nd",Ru,"{""Bi"": 0.375, ""Nd"": 0.625}","{""Ru"": 1.0}",10.3374,high_entropy,293.0,icsd_literature,10.3240921875,1.131875,0.76,1.4893092105263157,1.47,2.2,0.7300000000000002,0.02609077682149666,0.0,172.75462434510422,92.21097618083553,6.116823072851436
Yb1.25Bi0.75Ru2O7,"Bi,Yb",Ru,"{""Bi"": 0.375, ""Yb"": 0.625}","{""Ru"": 1.0}",10.1576,high_entropy,293.0,icsd_literature,10.1569828125,1.0543749999999998,0.76,1.3873355263157892,1.445,2.2,0.7550000000000001,0.08494391452855625,0.0,172.75462434510422,92.21097618083553,6.116823072851436
Nd1.2Bi0.8Ru2O7,"Bi,Nd",Ru,"{""Bi"": 0.4, ""Nd"": 0.6}","{""Ru"": 1.0}",10.326,high_entropy,293.0,icsd_literature,10.32286,1.1334,0.76,1.4913157894736842,1.492,2.2,0.7080000000000002,0.026366485673155766,0.0,172.75462434510422,92.21097618083553,6.116823072851436
Pr1.2Bi0.8Ru2O7,"Bi,Pr",Ru,"{""Bi"": 0.4, ""Pr"": 0.6}","{""Ru"": 1.0}",10.346150000000002,high_entropy,293.0,icsd_literature,10.341625,1.1435999999999997,0.76,1.5047368421052627,1.486,2.2,0.7140000000000002,0.01884881928689401,0.0,172.75462434510422,92.21097618083553,6.116823072851436
Sm1.2Bi0.8Ru2O7,"Bi,Sm",Ru,"{""Bi"": 0.4, ""Sm"": 0.6}","{""Ru"": 1.0}",10.2888,high_entropy,293.0,icsd_literature,10.284624999999998,1.1154,0.76,1.4676315789473684,1.51,2.2,0.6900000000000002,0.03996836410135721,0.0,172.75462434510422,92.21097618083553,6.116823072851436
Y1.2Bi0.8Ru2O7,"Bi,Y",Ru,"{""Bi"": 0.4, ""Y"": 0.6}","{""Ru"": 1.0}",10.208,high_entropy,293.0,icsd_literature,10.200445,1.0794,0.76,1.4202631578947367,1.54,2.2,0.6600000000000001,0.06853306488053734,0.0,172.75462434510422,92.21097618083553,6.116823072851436
Y1.2Sn2Bi0.8O7,"Bi,Y",Sn,"{""Bi"": 0.4, ""Y"": 0.6}","{""Sn"": 1.0}",10.39675,high_entropy,293.0,icsd_literature,10.553006428571427,1.019,0.69,1.4768115942028985,1.22,1.96,0.74,0.0,0.0,158.9195,85.3572,4.575925
Yb1.125Bi0.875Ru2O7,"Bi,Yb",Ru,"{""Bi"": 0.4375, ""Yb"": 0.5625}","{""Ru"": 1.0}",10.1808,high_entropy,293.0,icsd_literature,10.170613281249999,1.0659375,0.76,1.402549342105263,1.5025,2.2,0.6975000000000001,0.08609744811731734,0.0,172.75462434510422,92.21097618083553,6.116823072851436
DyBiRu2O7,"Bi,Dy",Ru,"{""Bi"": 0.5, ""Dy"": 0.5}","{""Ru"": 1.0}",10.2398,high_entropy,293.0,icsd_literature,10.229543750000001,1.0985,0.76,1.4453947368421054,1.625,2.2,0.5750000000000002,0.0650887573964497,0.0,172.75462434510422,92.21097618083553,6.116823072851436
Nd1Bi1Ru2O6.963,"Bi,Nd",Ru,"{""Bi"": 0.5, ""Nd"": 0.5}","{""Ru"": 1.0}",10.32455,high_entropy,293.0,icsd_literature,10.31793125,1.1395,0.76,1.499342105263158,1.58,2.2,0.6200000000000002,0.026766125493637535,0.0,172.75462434510422,92.21097618083553,6.116823072851436
PrBiRu2O7,"Bi,Pr",Ru,"{""Bi"": 0.5, ""Pr"": 0.5}","{""Ru"": 1.0}",10.3389,high_entropy,293.0,icsd_literature,10.33356875,1.148,0.76,1.5105263157894735,1.575,2.2,0.6250000000000002,0.01916376306620211,0.0,172.75462434510422,92.21097618083553,6.116823072851436
SmBiRu2O7,"Bi,Sm",Ru,"{""Bi"": 0.5, ""Sm"": 0.5}","{""Ru"": 1.0}",10.2902,high_entropy,293.0,icsd_literature,10.286068749999998,1.1244999999999998,0.76,1.4796052631578944,1.595,2.2,0.6050000000000002,0.04046242774566473,0.0,172.75462434510422,92.21097618083553,6.116823072851436
YBiRu2O7,"Bi,Y",Ru,"{""Bi"": 0.5, ""Y"": 0.5}","{""Ru"": 1.0}",10.2273,high_entropy,293.0,icsd_literature,10.21591875,1.0945,0.76,1.4401315789473685,1.62,2.2,0.5800000000000002,0.06898126998629513,0.0,172.75462434510422,92.21097618083553,6.116823072851436
YSn2BiO7,"Bi,Y",Sn,"{""Bi"": 0.5, ""Y"": 0.5}","{""Sn"": 1.0}",10.50235,high_entropy,293.0,icsd_literature,10.553006428571427,1.019,0.69,1.4768115942028985,1.22,1.96,0.74,0.0,0.0,158.9195,85.3572,4.575925
YTi2BiO7,"Bi,Y",Ti,"{""Y"": 0.5, ""Bi"": 0.5}","{""Ti"": 1.0}",10.1984,high_entropy,293.0,icsd_literature,10.223066228985507,1.019,0.605,1.684297520661157,1.22,1.54,0.32000000000000006,0.0,0.0,182.45,100.536,7.51764
YbBiRu2O7,"Bi,Yb",Ru,"{""Bi"": 0.5, ""Yb"": 0.5}","{""Ru"": 1.0}",10.1958,high_entropy,293.0,icsd_literature,10.18424375,1.0775,0.76,1.4177631578947367,1.56,2.2,0.6400000000000001,0.08584686774941994,0.0,172.75462434510422,92.21097618083553,6.116823072851436
YbSn2BiO7,"Bi,Yb",Sn,"{""Bi"": 0.5, ""Yb"": 0.5}","{""Sn"": 1.0}",10.4661,high_entropy,295.0,icsd_literature,10.41565,0.985,0.69,1.427536231884058,1.1,1.96,0.8599999999999999,0.0,0.0,172.75462434510422,92.21097618083553,6.116823072851436
Nd0.925Bi1.075Ru2O6.977,"Bi,Nd",Ru,"{""Bi"": 0.5375, ""Nd"": 0.4625}","{""Ru"": 1.0}",10.3345,high_entropy,293.0,icsd_literature,10.316082968749999,1.1417875,0.76,1.5023519736842104,1.613,2.2,0.5870000000000002,0.026637266373688757,0.0,172.75462434510422,92.21097618083553,6.116823072851436
Yb0.875Bi1.125Ru2O6.996,"Bi,Yb",Ru,"{""Bi"": 0.5625, ""Yb"": 0.4375}","{""Ru"": 1.0}",10.212,high_entropy,293.0,icsd_literature,10.197874218750002,1.0890624999999998,0.76,1.4329769736842102,1.6175000000000002,2.2,0.5825000000000001,0.08426926700951778,0.0,172.75462434510422,92.21097618083553,6.116823072851436
Nd0.825Bi1.175Ru2O6.996,"Bi,Nd",Ru,"{""Bi"": 0.5875, ""Nd"": 0.4125}","{""Ru"": 1.0}",10.3296,high_entropy,293.0,icsd_literature,10.31361859375,1.1448375,0.76,1.5063651315789472,1.657,2.2,0.5430000000000001,0.02623021801605964,0.0,172.75462434510422,92.21097618083553,6.116823072851436
Nd0.8Bi1.2Ru2O7,"Bi,Nd",Ru,"{""Bi"": 0.6, ""Nd"": 0.4}","{""Ru"": 1.0}",10.3142,high_entropy,293.0,icsd_literature,10.3130025,1.1456,0.76,1.5073684210526315,1.668,2.2,0.5320000000000003,0.026085697330616924,0.0,172.75462434510422,92.21097618083553,6.116823072851436
Pr0.8Bi1.2Ru2O7,"Bi,Pr",Ru,"{""Bi"": 0.6, ""Pr"": 0.4}","{""Ru"": 1.0}",10.3295,high_entropy,293.0,icsd_literature,10.325512499999999,1.1523999999999999,0.76,1.516315789473684,1.664,2.2,0.5360000000000003,0.01870488522777854,0.0,172.75462434510422,92.21097618083553,6.116823072851436
Y0.8Bi1.2Ru2O7,"Bi,Y",Ru,"{""Bi"": 0.6, ""Y"": 0.4}","{""Ru"": 1.0}",10.2404,high_entropy,293.0,icsd_literature,10.2313925,1.1096,0.76,1.46,1.7,2.2,0.5000000000000002,0.06666779941605264,0.0,172.75462434510422,92.21097618083553,6.116823072851436
Y0.8Sn2Bi1.2O7,"Bi,Y",Sn,"{""Bi"": 0.6, ""Y"": 0.4}","{""Sn"": 1.0}",10.4071,high_entropy,293.0,icsd_literature,10.553006428571427,1.019,0.6899999999999998,1.4768115942028988,1.22,1.96,0.7399999999999999,0.0,1.6090188762683433e-16,158.9195,85.3572,4.575925
Nd0.75Bi1.25Ru2O6.955,"Bi,Nd",Ru,"{""Bi"": 0.625, ""Nd"": 0.375}","{""Ru"": 1.0}",10.3175,high_entropy,293.0,icsd_literature,10.3117703125,1.147125,0.76,1.509375,1.69,2.2,0.5100000000000002,0.025743923299406366,0.0,172.75462434510422,92.21097618083553,6.116823072851436
Yb0.75Bi1.25Ru2O6.967,"Bi,Yb",Ru,"{""Bi"": 0.625, ""Yb"": 0.375}","{""Ru"": 1.0}",10.2258,high_entropy,293.0,icsd_literature,10.2115046875,1.100625,0.76,1.448190789473684,1.675,2.2,0.5250000000000001,0.08137443714348347,0.0,172.75462434510422,92.21097618083553,6.116823072851436
Yb0.625Bi1.375Ru2O6.958,"Bi,Yb",Ru,"{""Bi"": 0.6875, ""Yb"": 0.3125}","{""Ru"": 1.0}",10.2366,high_entropy,293.0,icsd_literature,10.225135156250001,1.1121874999999999,0.76,1.4634046052631577,1.7325,2.2,0.46750000000000014,0.07710012476047752,0.0,172.75462434510422,92.21097618083553,6.116823072851436
Dy0.6Bi1.4Ru2O7,"Bi,Dy",Ru,"{""Bi"": 0.7, ""Dy"": 0.3}","{""Ru"": 1.0}",10.2649,high_entropy,293.0,icsd_literature,10.25504125,1.1271,0.7599999999999999,1.4830263157894739,1.783,2.2,0.41700000000000015,0.05814109878260005,1.4608197692436271e-16,172.75462434510422,92.21097618083553,6.116823072851436
Pr0.6Bi1.4Ru2O7,"Bi,Pr",Ru,"{""Bi"": 0.7, ""Pr"": 0.3}","{""Ru"": 1.0}",10.32255,high_entropy,293.0,icsd_literature,10.31745625,1.1567999999999998,0.7599999999999999,1.5221052631578946,1.753,2.2,0.4470000000000002,0.017430267166152938,1.4608197692436271e-16,172.75462434510422,92.21097618083553,6.116823072851436
Y0.6Bi1.4Ru2O7,"Bi,Y",Ru,"{""Bi"": 0.7, ""Y"": 0.3}","{""Ru"": 1.0}",10.2565,high_entropy,293.0,icsd_literature,10.24686625,1.1246999999999998,0.7599999999999999,1.4798684210526316,1.7799999999999998,2.2,0.42000000000000015,0.06152475592943292,1.4608197692436271e-16,172.75462434510422,92.21097618083553,6.116823072851436
Y0.6Sn2Bi1.4O7,"Bi,Y",Sn,"{""Bi"": 0.7, ""Y"": 0.3}","{""Sn"": 1.0}",10.4816,high_entropy,293.0,icsd_literature,10.553006428571427,1.019,0.69,1.4768115942028985,1.22,1.96,0.74,0.0,0.0,158.9195,85.3572,4.575925
Ti2Cr0.5Bi1.5O7,"Bi,Cr",Ti,"{""Bi"": 0.75, ""Cr"": 0.25}","{""Ti"": 1.0}",10.34214,high_entropy,293.0,icsd_literature,10.375642998528187,1.0693716154649033,0.6842868798055178,1.5733836888953547,1.2938126269357655,1.7010890535956582,0.40727642665989255,0.023766913461056825,0.011313362376585123,172.75462434510422,92.21097618083553,6.116823072851436
Dy0.5Bi1.5Ru2O7,"Bi,Dy",Ru,"{""Bi"": 0.75, ""Dy"": 0.25}","{""Ru"": 1.0}",10.2659,high_entropy,293.0,icsd_literature,10.261415625000001,1.13425,0.76,1.4924342105263158,1.8225000000000002,2.2,0.37750000000000017,0.05459185926434858,0.0,172.75462434510422,92.21097618083553,6.116823072851436
Ti2Fe0.5Bi1.5O7,"Bi,Fe",Ti,"{""Bi"": 0.75, ""Fe"": 0.25}","{""Ti"": 1.0}",10.3152,high_entropy,293.0,icsd_literature,10.375642998528187,1.0693716154649033,0.6842868798055178,1.5733836888953547,1.2938126269357655,1.7010890535956582,0.40727642665989255,0.023766913461056825,0.011313362376585123,172.75462434510422,92.21097618083553,6.116823072851436
Ti2In0.5Bi1.5O7,"Bi,In",Ti,"{""Bi"": 0.75, ""In"": 0.25}","{""Ti"": 1.0}",10.3271,high_entropy,298.0,icsd_literature,10.375642998528187,1.0693716154649033,0.6842868798055178,1.5733836888953547,1.2938126269357655,1.7010890535956582,0.40727642665989255,0.023766913461056825,0.011313362376585123,172.75462434510422,92.21097618083553,6.116823072851436
Nd0.5Bi1.5Ru2O6.938,"Bi,Nd",Ru,"{""Bi"": 0.75, ""Nd"": 0.25}","{""Ru"": 1.0}",10.30965,high_entropy,293.0,icsd_literature,10.305609375,1.15475,0.76,1.519407894736842,1.8,2.2,0.4000000000000002,0.02287402019088578,0.0,172.75462434510422,92.21097618083553,6.116823072851436
Pr0.5Bi1.5Ru2O7,"Bi,Pr",Ru,"{""Bi"": 0.75, ""Pr"": 0.25}","{""Ru"": 1.0}",10.319,high_entropy,293.0,icsd_literature,10.313428125,1.1589999999999998,0.76,1.5249999999999997,1.7975,2.2,0.4025000000000002,0.01643879109858298,0.0,172.75462434510422,92.21097618083553,6.116823072851436
Sc0.5Ti2Bi1.5O7,"Bi,Sc",Ti,"{""Bi"": 0.75, ""Sc"": 0.25}","{""Ti"": 1.0}",10.3105,high_entropy,298.0,icsd_literature,10.375642998528187,1.0693716154649033,0.6842868798055178,1.5733836888953547,1.2938126269357655,1.7010890535956582,0.40727642665989255,0.023766913461056825,0.011313362376585123,172.75462434510422,92.21097618083553,6.116823072851436
Sm0.5Bi1.5Ru2O7,"Bi,Sm",Ru,"{""Bi"": 0.75, ""Sm"": 0.25}","{""Ru"": 1.0}",10.2921,high_entropy,293.0,icsd_literature,10.289678125,1.1472499999999999,0.76,1.5095394736842103,1.8075,2.2,0.3925000000000002,0.03434661658068595,0.0,172.75462434510422,92.21097618083553,6.116823072851436
Y0.5Bi1.5Ru2O7,"Bi,Y",Ru,"{""Bi"": 0.75, ""Y"": 0.25}","{""Ru"": 1.0}",10.2592,high_entropy,293.0,icsd_literature,10.254603125000001,1.13225,0.76,1.4898026315789474,1.82,2.2,0.38000000000000017,0.05774777477211316,0.0,172.75462434510422,92.21097618083553,6.116823072851436
Yb0.5Bi1.5Ru2O6.97,"Bi,Yb",Ru,"{""Bi"": 0.75, ""Yb"": 0.25}","{""Ru"": 1.0}",10.2478,high_entropy,293.0,icsd_literature,10.238765625000001,1.12375,0.76,1.4786184210526316,1.79,2.2,0.41000000000000014,0.07128573957736199,0.0,172.75462434510422,92.21097618083553,6.116823072851436
Ti2Fe0.4Bi1.6O7,"Bi,Fe",Ti,"{""Bi"": 0.8, ""Fe"": 0.2}","{""Ti"": 1.0}",10.3328,high_entropy,293.0,icsd_literature,10.375642998528187,1.0693716154649033,0.6842868798055178,1.5733836888953547,1.2938126269357655,1.7010890535956582,0.40727642665989255,0.023766913461056825,0.011313362376585123,172.75462434510422,92.21097618083553,6.116823072851436
Pr0.4Bi1.6Ru2O7,"Bi,Pr",Ru,"{""Bi"": 0.8, ""Pr"": 0.2}","{""Ru"": 1.0}",10.3143,high_entropy,293.0,icsd_literature,10.3094,1.1612,0.7600000000000001,1.527894736842105,1.842,2.2,0.3580000000000002,0.015156734412676554,1.460819769243627e-16,172.75462434510422,92.21097618083553,6.116823072851436
Sc0.4Ti2Bi1.6O7,"Bi,Sc",Ti,"{""Bi"": 0.8, ""Sc"": 0.2}","{""Ti"": 1.0}",10.3275,high_entropy,293.0,icsd_literature,10.375642998528187,1.0693716154649033,0.6842868798055178,1.5733836888953547,1.2938126269357655,1.7010890535956582,0.40727642665989255,0.023766913461056825,0.011313362376585123,172.75462434510422,92.21097618083553,6.116823072851436
Y0.4Bi1.6Ru2O7,"Bi,Y",Ru,"{""Bi"": 0.8, ""Y"": 0.2}","{""Ru"": 1.0}",10.2654,high_entropy,293.0,icsd_literature,10.262340000000002,1.1398,0.7600000000000001,1.4997368421052628,1.86,2.2,0.3400000000000002,0.05299175293911214,1.460819769243627e-16,172.75462434510422,92.21097618083553,6.116823072851436
Yb0.375Bi1.625Ru2O6.954,"Bi,Yb",Ru,"{""Bi"": 0.8125, ""Yb"": 0.1875}","{""Ru"": 1.0}",10.2599,high_entropy,293.0,icsd_literature,10.25239609375,1.1353125,0.76,1.493832236842105,1.8475000000000001,2.2,0.35250000000000015,0.06360168619343261,0.0,172.75462434510422,92.21097618083553,6.116823072851436
Yb0.25Bi1.75Ru2O6.955,"Bi,Yb",Ru,"{""Bi"": 0.875, ""Yb"": 0.125}","{""Ru"": 1.0}",10.2711,high_entropy,293.0,icsd_literature,10.266026562499999,1.1468749999999999,0.76,1.5090460526315788,1.905,2.2,0.29500000000000015,0.05334757411955849,0.0,172.75462434510422,92.21097618083553,6.116823072851436
Dy0.2Bi1.8Ru2O7,"Bi,Dy",Ru,"{""Bi"": 0.9, ""Dy"": 0.1}","{""Ru"": 1.0}",10.2839,high_entropy,293.0,icsd_literature,10.28053875,1.1557,0.76,1.520657894736842,1.941,2.2,0.2590000000000002,0.037120359955005636,0.0,172.75462434510422,92.21097618083553,6.116823072851436
Nd0.2Bi1.8Ru2O7,"Bi,Nd",Ru,"{""Bi"": 0.9, ""Nd"": 0.1}","{""Ru"": 1.0}",10.2988,high_entropy,293.0,icsd_literature,10.298216250000001,1.1639,0.76,1.5314473684210526,1.932,2.2,0.2680000000000002,0.01572300025775409,0.0,172.75462434510422,92.21097618083553,6.116823072851436
Pr0.2Bi1.8Ru2O7,"Bi,Pr",Ru,"{""Bi"": 0.9, ""Pr"": 0.1}","{""Ru"": 1.0}",10.30425,high_entropy,293.0,icsd_literature,10.301343750000001,1.1656,0.76,1.5336842105263158,1.931,2.2,0.2690000000000002,0.011324639670555947,0.0,172.75462434510422,92.21097618083553,6.116823072851436
Sm0.2Bi1.8Ru2O7,"Bi,Sm",Ru,"{""Bi"": 0.9, ""Sm"": 0.1}","{""Ru"": 1.0}",10.2948,high_entropy,293.0,icsd_literature,10.29184375,1.1608999999999998,0.76,1.5274999999999996,1.935,2.2,0.2650000000000002,0.023516237402015673,0.0,172.75462434510422,92.21097618083553,6.116823072851436
Y0.2Bi1.8Ru2O7,"Bi,Y",Ru,"{""Bi"": 0.9, ""Y"": 0.1}","{""Ru"": 1.0}",10.2775,high_entropy,293.0,icsd_literature,10.27781375,1.1549,0.76,1.5196052631578947,1.94,2.2,0.2600000000000002,0.039224175253268684,0.0,172.75462434510422,92.21097618083553,6.116823072851436
Bi1.5Ir2Pb0.5O7,Bi,"Ir,Pb","{""Bi"": 1.0}","{""Pb"": 0.2, ""Ir"": 0.8}",10.21714,high_entropy,300.0,icsd_literature,10.25242,1.17,0.625,1.8719999999999999,2.02,2.2,0.18000000000000016,0.0,0.0,172.75462434510422,92.21097618083553,6.116823072851436
Ce0.05Gd1.95Ti2O7,"Ce,Gd",Ti,"{""Gd"": 0.975, ""Ce"": 0.025}","{""Ti"": 1.0}",10.1708,high_entropy,293.0,icsd_literature,10.279894712142857,1.05525,0.605,1.744214876033058,1.198,1.54,0.3420000000000001,0.0133155607641757,0.0,179.628,98.4684,6.45483
Ce0.1Gd1.9Ti2O7,"Ce,Gd",Ti,"{""Gd"": 0.95, ""Ce"": 0.05}","{""Ti"": 1.0}",10.1755,high_entropy,293.0,icsd_literature,10.282047052857143,1.0574999999999999,0.605,1.7479338842975205,1.196,1.5399999999999998,0.3440000000000001,0.01854850614272629,0.0,179.628,98.4684,6.45483
Ce0.2Gd1.8Ti2O7,"Ce,Gd",Ti,"{""Gd"": 0.9, ""Ce"": 0.1}","{""Ti"": 1.0}",10.1846,high_entropy,293.0,icsd_literature,10.286351734285715,1.062,0.605,1.7553719008264463,1.1920000000000002,1.54,0.3480000000000001,0.025423728813559344,0.0,179.628,98.4684,6.45483
Ce0.25Gd1.75Ti2O7,"Ce,Gd",Ti,"{""Gd"": 0.875, ""Ce"": 0.125}","{""Ti"": 1.0}",10.194,high_entropy,293.0,icsd_literature,10.288504074999999,1.06425,0.605,1.759090909090909,1.19,1.54,0.3500000000000001,0.027967772844234597,0.0,179.628,98.4684,6.45483
Ce0.4Gd1.6Ti2O7,"Ce,Gd",Ti,"{""Gd"": 0.8, ""Ce"": 0.2}","{""Ti"": 1.0}",10.189675,high_entropy,293.0,icsd_literature,10.294961097142856,1.0710000000000002,0.605,1.7702479338842978,1.184,1.5400000000000003,0.3560000000000001,0.03361344537815129,0.0,179.62799999999996,98.4684,6.45483
Ce0.5Gd1.5Ti2O7,"Ce,Gd",Ti,"{""Gd"": 0.75, ""Ce"": 0.25}","{""Ti"": 1.0}",10.2066,high_entropy,293.0,icsd_literature,10.299265778571428,1.0755,0.605,1.777685950413223,1.18,1.54,0.36000000000000004,0.03623537254328199,0.0,179.62800000000001,98.46840000000002,6.45483
Ce0.8Gd1.2Ti2O7,"Ce,Gd",Ti,"{""Gd"": 0.6, ""Ce"": 0.4}","{""Ti"": 1.0}",10.2297,high_entropy,293.0,icsd_literature,10.312179822857143,1.089,0.605,1.8,1.1680000000000001,1.54,0.372,0.040487433765011245,0.0,179.628,98.4684,6.45483
Gd1.9Co0.1Ru2O7,"Co,Gd",Ru,"{""Gd"": 0.95, ""Co"": 0.05}","{""Ru"": 1.0}",10.225,high_entropy,295.0,icsd_literature,10.235566666666667,1.053,0.76,1.3855263157894735,1.2,2.1999999999999997,1.0000000000000002,0.0,0.0,172.75462434510422,92.21097618083553,6.116823072851436
Sm1.89Ti2Co0.11O6.945,"Co,Sm",Ti,"{""Sm"": 0.945, ""Co"": 0.055}","{""Ti"": 1.0}",10.215,high_entropy,293.0,icsd_literature,10.234139999999998,1.079,0.605,1.7834710743801652,1.17,1.54,0.3700000000000001,0.0,0.0,172.75462434510422,92.21097618083553,6.116823072851436
Gd1.6Co0.4Ru2O7,"Co,Gd",Ru,"{""Gd"": 0.8, ""Co"": 0.2}","{""Ru"": 1.0}",10.2042,high_entropy,295.0,icsd_literature,10.235566666666665,1.053,0.7600000000000001,1.3855263157894733,1.2,2.2,1.0000000000000002,0.0,1.460819769243627e-16,172.75462434510422,92.21097618083553,6.116823072851436
CoRuPb2O7,"Co,Ru",Pb,"{""Co"": 0.5, ""Ru"": 0.5}","{""Pb"": 1.0}",10.1623,high_entropy,293.0,icsd_literature,9.95776,0.9,0.785,1.1464968152866242,1.88,2.33,0.4500000000000002,0.0,0.0,172.75462434510422,92.21097618083553,6.116823072851436
Y2Ti1.986Cr0.014O7,"Cr,Y",Ti,"{""Y"": 0.99304865938431, ""Cr"": 0.006951340615690169}","{""Ti"": 1.0}",10.09633,high_entropy,293.0,icsd_literature,10.223066228985507,1.019,0.605,1.684297520661157,1.22,1.54,0.32000000000000006,0.0,0.0,182.45,100.536,7.517640000000001
Y2Ti1.916Cr0.084O7,"Cr,Y",Ti,"{""Y"": 0.9596928982725528, ""Cr"": 0.04030710172744722}","{""Ti"": 1.0}",10.09904,high_entropy,293.0,icsd_literature,10.223066228985507,1.019,0.605,1.684297520661157,1.2199999999999998,1.54,0.32000000000000006,0.0,0.0,182.45,100.536,7.51764
Y2Ti1.894Cr0.106O7,"Cr,Y",Ti,"{""Y"": 0.9496676163342831, ""Cr"": 0.050332383665717004}","{""Ti"": 1.0}",10.096083333333334,high_entropy,293.0,icsd_literature,10.223066228985507,1.019,0.605,1.684297520661157,1.22,1.54,0.32000000000000006,0.0,0.0,182.45000000000002,100.536,7.51764
Gd1.97Dy0.03Ti2O7,"Dy,Gd",Ti,"{""Gd"": 0.985, ""Dy"": 0.015}","{""Ti"": 1.0}",10.18,high_entropy,293.0,icsd_literature,10.275843258129871,1.0526099999999998,0.605,1.7398512396694212,1.20045,1.5399999999999998,0.3395500000000001,0.0030024072572911527,0.0,179.72240999999997,98.528559,6.45675195
Gd1.99Dy0.01Ti2O7,"Dy,Gd",Ti,"{""Gd"": 0.995, ""Dy"": 0.005}","{""Ti"": 1.0}",10.18,high_entropy,293.0,icsd_literature,10.277109333662338,1.0528699999999998,0.605,1.7402809917355369,1.20015,1.54,0.3398500000000001,0.0017417873786474752,0.0,179.65946999999997,98.488453,6.4554706500000005
Gd1.96Dy0.04Ti2O7,"Dy,Gd",Ti,"{""Gd"": 0.98, ""Dy"": 0.02}","{""Ti"": 1.0}",10.18,high_entropy,293.0,icsd_literature,10.275210220363636,1.0524799999999999,0.605,1.7396363636363634,1.2006,1.54,0.33940000000000003,0.003458498023715419,0.0,179.75387999999998,98.548612,6.4573925999999995
Gd1.95Dy0.05Ti2O7,"Dy,Gd",Ti,"{""Gd"": 0.975, ""Dy"": 0.025}","{""Ti"": 1.0}",10.18,high_entropy,293.0,icsd_literature,10.274577182597403,1.05235,0.605,1.7394214876033056,1.20075,1.54,0.33925000000000005,0.0038573180966018556,0.0,179.78535,98.56866500000001,6.45803325
EuDyTi2O7,"Dy,Eu",Ti,"{""Dy"": 0.5, ""Eu"": 0.5}","{""Ti"": 1.0}",10.165,high_entropy,293.0,icsd_literature,10.23827878030303,1.0465,0.605,1.7297520661157024,1.2149999999999999,1.54,0.32500000000000007,0.018633540372670877,0.0,185.922,102.479,6.58296
SmDyTi2O7,"Dy,Sm",Ti,"{""Sm"": 0.5, ""Dy"": 0.5}","{""Ti"": 1.0}",10.175,high_entropy,293.0,icsd_literature,10.19263740909091,1.053,0.605,1.7404958677685949,1.2,1.54,0.3400000000000001,0.02469135802469138,0.0,185.922,102.479,6.58296
Dy1.85Ti2Fe0.15O7,"Dy,Fe",Ti,"{""Dy"": 0.925, ""Fe"": 0.075}","{""Ti"": 1.0}",10.1077,high_entropy,293.0,icsd_literature,10.151134818181818,1.027,0.605,1.6975206611570246,1.23,1.54,0.31000000000000005,0.0,0.0,185.922,102.479,6.58296
Dy1.9Ti2Fe0.1O7,"Dy,Fe",Ti,"{""Dy"": 0.95, ""Fe"": 0.05}","{""Ti"": 1.0}",10.1143,high_entropy,293.0,icsd_literature,10.151134818181818,1.027,0.605,1.6975206611570246,1.23,1.5399999999999998,0.31000000000000005,0.0,0.0,185.922,102.479,6.58296
Dy1.95Ti2Fe0.05O7,"Dy,Fe",Ti,"{""Dy"": 0.975, ""Fe"": 0.025}","{""Ti"": 1.0}",10.1208,high_entropy,293.0,icsd_literature,10.151134818181818,1.027,0.605,1.6975206611570246,1.23,1.54,0.31000000000000005,0.0,0.0,185.922,102.479,6.58296
SmErTi2O7,"Er,Sm",Ti,"{""Sm"": 0.5, ""Er"": 0.5}","{""Ti"": 1.0}",10.156,high_entropy,293.0,icsd_literature,10.184367238095238,1.0415,0.605,1.7214876033057853,1.205,1.54,0.3350000000000001,0.036005760921747454,0.0,187.311,103.383,6.62512
Eu0.02Y1.98Zr1Sn1O7,"Eu,Y","Sn,Zr","{""Y"": 0.99, ""Eu"": 0.01}","{""Zr"": 0.5, ""Sn"": 0.5}",10.35,high_entropy,293.0,icsd_literature,10.555181791809526,1.01947,0.705,1.4460567375886526,1.2198,1.645,0.4252000000000001,0.0045871295422142185,0.02127659574468087,159.81525000000002,85.95675,5.5786275000000005
Gd1.9Eu0.1Ti2O7,"Eu,Gd",Ti,"{""Gd"": 0.95, ""Eu"": 0.05}","{""Ti"": 1.0}",10.187,high_entropy,293.0,icsd_literature,10.280126389978355,1.0536499999999998,0.605,1.741570247933884,1.2,1.5399999999999998,0.3400000000000001,0.002689018472264476,0.0,179.628,98.4684,6.45483
La1.9Eu0.1Hf2O7,"Eu,La",Hf,"{""La"": 0.95, ""Eu"": 0.05}","{""Hf"": 1.0}",10.765,high_entropy,293.0,icsd_literature,10.7734515,1.16,0.7100000000000001,1.6338028169014083,1.0999999999999999,1.2999999999999998,0.19999999999999996,0.0,1.563694400880502e-16,164.978,89.6564,5.26227
Eu0.1Y1.9Ti2O7,"Eu,Y",Ti,"{""Y"": 0.95, ""Eu"": 0.05}","{""Ti"": 1.0}",10.1,high_entropy,293.0,icsd_literature,10.228184054657444,1.0213499999999998,0.605,1.6881818181818178,1.219,1.5399999999999998,0.32100000000000006,0.010029287234856432,0.0,182.45,100.536,7.51764
Gd1.8Eu0.2Ti2O7,"Eu,Gd",Ti,"{""Gd"": 0.9, ""Eu"": 0.1}","{""Ti"": 1.0}",10.188,high_entropy,293.0,icsd_literature,10.282510408528138,1.0543,0.605,1.7426446280991736,1.2000000000000002,1.54,0.34000000000000014,0.0036991368680641535,0.0,179.628,98.4684,6.45483
La1.8Eu0.2Zr2O7,"Eu,La",Zr,"{""La"": 0.9, ""Eu"": 0.1}","{""Zr"": 1.0}",10.7999,high_entropy,293.0,icsd_literature,10.835411594933333,1.1506,0.72,1.5980555555555558,1.11,1.33,0.22,0.02450895185120803,0.0,155.689,81.86490000000002,5.3462000000000005
Eu0.2Y1.8Ti2O7,"Eu,Y",Ti,"{""Y"": 0.9, ""Eu"": 0.1}","{""Ti"": 1.0}",10.105,high_entropy,293.0,icsd_literature,10.23330188032938,1.0236999999999998,0.605,1.692066115702479,1.218,1.54,0.3220000000000001,0.013773566474553139,0.0,182.45,100.536,7.51764
La0.4Yb0.4Nd0.4Eu0.4Gd0.4Zr2O7,"Eu,Gd,La,Nd,Yb",Zr,"{""La"": 0.2, ""Nd"": 0.2, ""Eu"": 0.2, ""Gd"": 0.2, ""Yb"": 0.2}","{""Zr"": 1.0}",10.5858,high_entropy,293.0,icsd_literature,10.709064262367942,1.097,0.7199999999999999,1.5236111111111115,1.16,1.33,0.17000000000000007,0.034132443440016494,1.5419764230904954e-16,162.07799999999997,79.54895,5.03657
La0.4Yb0.4Sm0.4Eu0.4Gd0.4Zr2O7,"Eu,Gd,La,Sm,Yb",Zr,"{""La"": 0.2, ""Sm"": 0.2, ""Eu"": 0.2, ""Gd"": 0.2, ""Yb"": 0.2}","{""Zr"": 1.0}",10.5763,high_entropy,293.0,icsd_literature,10.667985895379086,1.0895,0.7199999999999999,1.5131944444444445,1.1674999999999998,1.33,0.16250000000000006,0.03425692080132449,1.5419764230904954e-16,162.07799999999997,79.54895,5.03657
Gd1.5Eu0.5Ti2O7,"Eu,Gd",Ti,"{""Gd"": 0.75, ""Eu"": 0.25}","{""Ti"": 1.0}",10.191,high_entropy,293.0,icsd_literature,10.28966246417749,1.05625,0.605,1.7458677685950412,1.2,1.54,0.3400000000000001,0.005329387100211981,0.0,179.62800000000001,98.46840000000002,6.45483
Eu0.5Y1.5Ti2O7,"Eu,Y",Ti,"{""Y"": 0.75, ""Eu"": 0.25}","{""Ti"": 1.0}",10.119,high_entropy,293.0,icsd_literature,10.248655357345191,1.0307499999999998,0.605,1.7037190082644627,1.215,1.54,0.32500000000000007,0.019744454997753458,0.0,182.44999999999996,100.536,7.51764
EuGdTi2O7,"Eu,Gd",Ti,"{""Gd"": 0.5, ""Eu"": 0.5}","{""Ti"": 1.0}",10.197,high_entropy,293.0,icsd_literature,10.301582556926409,1.0594999999999999,0.605,1.7512396694214876,1.2,1.54,0.3400000000000001,0.0061349693251534325,0.0,179.628,98.4684,6.45483
EuYTi2O7,"Eu,Y",Ti,"{""Eu"": 0.5, ""Y"": 0.5}","{""Ti"": 1.0}",10.15585,high_entropy,293.0,icsd_literature,10.274244485704877,1.0425,0.605,1.7231404958677685,1.21,1.54,0.33000000000000007,0.022541966426858587,0.0,182.45,100.536,7.51764
Eu1.8Ti2Fe0.2O7,"Eu,Fe",Ti,"{""Eu"": 0.9, ""Fe"": 0.1}","{""Ti"": 1.0}",10.157,high_entropy,300.0,icsd_literature,10.325422742424244,1.066,0.605,1.7619834710743802,1.2,1.54,0.34000000000000014,0.0,0.0,172.75462434510422,92.21097618083553,6.116823072851436
Eu1.9Ti2Fe0.1O7,"Eu,Fe",Ti,"{""Eu"": 0.95, ""Fe"": 0.05}","{""Ti"": 1.0}",10.1722,high_entropy,300.0,icsd_literature,10.325422742424244,1.066,0.605,1.7619834710743802,1.2,1.5399999999999998,0.3400000000000001,0.0,0.0,172.75462434510422,92.21097618083553,6.116823072851436
Ho2Ti1.85Fe0.15O7,"Fe,Ho",Ti,"{""Ho"": 0.9302325581395349, ""Fe"": 0.06976744186046512}","{""Ti"": 1.0}",10.1013,high_entropy,293.0,icsd_literature,10.090721181818182,1.015,0.605,1.677685950413223,1.24,1.54,0.30000000000000004,0.0,0.0,172.75462434510422,92.21097618083553,6.116823072851436
Ho1.8Ti2Fe0.2O7,"Fe,Ho",Ti,"{""Ho"": 0.9, ""Fe"": 0.1}","{""Ti"": 1.0}",10.0804,high_entropy,293.0,icsd_literature,10.090721181818182,1.015,0.605,1.677685950413223,1.24,1.54,0.3000000000000001,0.0,0.0,172.75462434510422,92.21097618083553,6.116823072851436
La0.4Yb0.4Nd0.4Sm0.4Gd0.4Zr2O7,"Gd,La,Nd,Sm,Yb",Zr,"{""La"": 0.2, ""Nd"": 0.2, ""Sm"": 0.2, ""Gd"": 0.2, ""Yb"": 0.2}","{""Zr"": 1.0}",10.5937,high_entropy,293.0,icsd_literature,10.699640192923496,1.10025,0.7199999999999999,1.5281250000000002,1.1524999999999999,1.33,0.17750000000000007,0.03234083304679258,1.5419764230904954e-16,162.07799999999997,79.54895,5.03657
Nd1.6Gd0.4Zr2O7,"Gd,Nd",Zr,"{""Gd"": 0.2, ""Nd"": 0.8}","{""Zr"": 1.0}",10.6092,high_entropy,293.0,icsd_literature,10.72961473253427,1.0977999999999999,0.72,1.524722222222222,1.152,1.33,0.17800000000000016,0.020404445254144674,0.0,168.46699999999998,77.233,4.72694
Gd0.8Ho1.2Ti2O7,"Gd,Ho",Ti,"{""Gd"": 0.4, ""Ho"": 0.6}","{""Ti"": 1.0}",10.1428,high_entropy,293.0,icsd_literature,10.165529657662336,1.0301999999999998,0.605,1.7028099173553717,1.224,1.54,0.31600000000000006,0.01807039608343251,0.0,179.62799999999996,98.4684,6.45483
Nd1Gd1Zr1.85Sc0.15O7,"Gd,Nd,Sc",Zr,"{""Nd"": 0.46511627906976744, ""Gd"": 0.46511627906976744, ""Sc"": 0.06976744186046512}","{""Zr"": 1.0}",10.60965,high_entropy,293.0,icsd_literature,10.66765304606921,1.081,0.72,1.5013888888888889,1.1700000000000002,1.33,0.16000000000000014,0.024982051842315542,0.0,168.46699999999998,77.233,4.72694
Nd1Gd1Zr1.9Sc0.1O7,"Gd,Nd,Sc",Zr,"{""Nd"": 0.47619047619047616, ""Gd"": 0.47619047619047616, ""Sc"": 0.047619047619047616}","{""Zr"": 1.0}",10.61193,high_entropy,293.0,icsd_literature,10.667653046069212,1.081,0.72,1.5013888888888889,1.1700000000000002,1.33,0.16000000000000014,0.025277707717445842,0.0,168.46699999999998,77.233,4.72694
Nd1Gd1Zr1.95Sc0.05O7,"Gd,Nd,Sc",Zr,"{""Nd"": 0.48780487804878053, ""Gd"": 0.48780487804878053, ""Sc"": 0.02439024390243903}","{""Zr"": 1.0}",10.61221,high_entropy,293.0,icsd_literature,10.667653046069212,1.081,0.72,1.5013888888888889,1.17,1.33,0.16000000000000011,0.025584115361876537,0.0,168.46699999999998,77.233,4.72694
NdGdZr2O7,"Gd,Nd",Zr,"{""Nd"": 0.5, ""Gd"": 0.5}","{""Zr"": 1.0}",10.61575,high_entropy,293.0,icsd_literature,10.667653046069212,1.081,0.72,1.5013888888888889,1.17,1.33,0.16000000000000014,0.02590194264569845,0.0,168.46699999999998,77.233,4.72694
Gd1.2Ho0.8Ti2O7,"Gd,Ho",Ti,"{""Gd"": 0.6, ""Ho"": 0.4}","{""Ti"": 1.0}",10.16,high_entropy,293.0,icsd_literature,10.202933895584415,1.0377999999999998,0.605,1.715371900826446,1.216,1.54,0.32400000000000007,0.017938063254145473,0.0,179.628,98.4684,6.45483
Tb0.6Gd1.4Zr2O7,"Gd,Tb",Zr,"{""Gd"": 0.7, ""Tb"": 0.3}","{""Zr"": 1.0}",10.5036,high_entropy,293.0,icsd_literature,10.579694498039217,1.0491,0.72,1.4570833333333333,1.206,1.33,0.12400000000000011,0.005678532459672621,0.0,168.46699999999998,77.233,4.72694
Gd1.6Ho0.4Ti2O7,"Gd,Ho",Ti,"{""Gd"": 0.8, ""Ho"": 0.2}","{""Ti"": 1.0}",10.1746,high_entropy,293.0,icsd_literature,10.240338133506494,1.0454,0.605,1.727933884297521,1.208,1.5400000000000003,0.3320000000000001,0.014539889037688934,0.0,179.62799999999996,98.4684,6.45483
La0.4Gd1.6Zr2O7,"Gd,La",Zr,"{""La"": 0.2, ""Gd"": 0.8}","{""Zr"": 1.0}",10.5934,high_entropy,293.0,icsd_literature,10.622835979701962,1.0744,0.72,1.4922222222222223,1.18,1.33,0.15000000000000008,0.039836187639612795,0.0,165.9114,78.15938000000001,4.850792
Nd0.4Gd1.6Zr2O7,"Gd,Nd",Zr,"{""Gd"": 0.8, ""Nd"": 0.2}","{""Zr"": 1.0}",10.5688,high_entropy,293.0,icsd_literature,10.605691359604158,1.0642,0.72,1.4780555555555557,1.188,1.33,0.14200000000000013,0.021048675061078763,0.0,168.46699999999998,77.233,4.72694
Nd0.2Gd1.8Zr2O7,"Gd,Nd",Zr,"{""Gd"": 0.9, ""Nd"": 0.1}","{""Zr"": 1.0}",10.5571,high_entropy,293.0,icsd_literature,10.585037464115803,1.0586,0.72,1.4702777777777778,1.194,1.33,0.13600000000000012,0.015870017003589663,0.0,168.46699999999998,77.233,4.72694
Nd0.15Gd1.85Zr2O7,"Gd,Nd",Zr,"{""Gd"": 0.925, ""Nd"": 0.075}","{""Zr"": 1.0}",10.5433,high_entropy,293.0,icsd_literature,10.579873990243717,1.0572,0.7200000000000001,1.468333333333333,1.1955,1.33,0.13450000000000012,0.013951868382514044,1.541976423090495e-16,168.46699999999998,77.233,4.72694
Yb0.1Gd1.9Sn2O7,"Gd,Yb",Sn,"{""Gd"": 0.95, ""Yb"": 0.05}","{""Sn"": 1.0}",10.45421,high_entropy,293.0,icsd_literature,10.53570435,1.0495999999999999,0.69,1.521159420289855,1.1949999999999998,1.96,0.765,0.014119908925341351,0.0,156.244,84.0285,4.03794
Nd0.05Gd1.95Zr2O7,"Gd,Nd",Zr,"{""Gd"": 0.975, ""Nd"": 0.025}","{""Zr"": 1.0}",10.5429,high_entropy,293.0,icsd_literature,10.56954704249954,1.0544,0.72,1.4644444444444444,1.1985,1.33,0.13150000000000012,0.008291916917448563,0.0,168.46699999999998,77.233,4.72694
Ce0.04Gd2Ti1.96O7,Gd,"Ce,Ti","{""Gd"": 1.0}","{""Ti"": 0.98, ""Ce"": 0.02}",10.1295,high_entropy,293.0,icsd_literature,10.277742371428571,1.053,0.605,1.7404958677685949,1.2,1.54,0.3400000000000001,0.0,0.0,179.628,98.4684,6.45483
Ce0.08Gd2Ti1.92O7,Gd,"Ce,Ti","{""Gd"": 1.0}","{""Ti"": 0.96, ""Ce"": 0.04}",10.13205,high_entropy,293.0,icsd_literature,10.277742371428571,1.053,0.605,1.7404958677685949,1.2,1.54,0.3400000000000001,0.0,0.0,179.628,98.4684,6.45483
Ce0.12Gd2Ti1.88O7,Gd,"Ce,Ti","{""Gd"": 1.0}","{""Ti"": 0.94, ""Ce"": 0.06}",10.1362,high_entropy,293.0,icsd_literature,10.277742371428571,1.053,0.605,1.7404958677685949,1.2,1.54,0.3400000000000001,0.0,0.0,179.628,98.4684,6.45483
Ce0.16Gd2Ti1.84O7,Gd,"Ce,Ti","{""Gd"": 1.0}","{""Ti"": 0.92, ""Ce"": 0.08}",10.14295,high_entropy,293.0,icsd_literature,10.277742371428573,1.053,0.605,1.7404958677685949,1.2,1.54,0.3400000000000001,0.0,0.0,179.628,98.4684,6.45483
Gd2Hf0.4Ti1.6O7,Gd,"Hf,Ti","{""Gd"": 1.0}","{""Hf"": 0.2, ""Ti"": 0.8}",10.27171,high_entropy,293.0,icsd_literature,10.330605897142856,1.053,0.626,1.6821086261980829,1.2,1.4920000000000002,0.2920000000000001,0.0,0.0670926517571885,177.30239999999998,97.75778,6.337676
Gd2Hf0.8Ti1.2O7,Gd,"Hf,Ti","{""Gd"": 1.0}","{""Hf"": 0.4, ""Ti"": 0.6}",10.31934,high_entropy,293.0,icsd_literature,10.383469422857143,1.053,0.647,1.6275115919629055,1.2,1.444,0.24400000000000008,0.0,0.07950430386158691,174.9768,97.04716,6.220522000000001
Gd2Hf1.2Ti0.8O7,Gd,"Hf,Ti","{""Gd"": 1.0}","{""Hf"": 0.6, ""Ti"": 0.4}",10.36858,high_entropy,293.0,icsd_literature,10.436332948571428,1.053,0.6679999999999999,1.5763473053892216,1.2,1.3960000000000001,0.1960000000000001,0.0,0.07700491706354302,172.6512,96.33654,6.103368
Gd2Hf1.6Ti0.4O7,Gd,"Hf,Ti","{""Gd"": 1.0}","{""Hf"": 0.8, ""Ti"": 0.2}",10.42276,high_entropy,293.0,icsd_literature,10.489196474285714,1.053,0.689,1.528301886792453,1.2,1.348,0.14800000000000008,0.0,0.06095791001451379,170.3256,95.62592000000001,5.986214
Gd2Mn0.2Mo1.8O7,Gd,"Mn,Mo","{""Gd"": 1.0}","{""Mo"": 0.9, ""Mn"": 0.1}",10.31757,high_entropy,293.0,icsd_literature,10.426858166666667,1.053,0.79,1.332911392405063,1.2,2.16,0.9600000000000002,0.0,0.0,172.75462434510422,92.21097618083553,6.116823072851436
Gd1.8Ru2Pb0.2O6.962,Gd,"Pb,Ru","{""Gd"": 1.0}","{""Pb"": 0.09090909090909091, ""Ru"": 0.9090909090909091}",10.2302,high_entropy,293.0,icsd_literature,10.280442424242423,1.053,0.7622727272727273,1.381395348837209,1.2,2.211818181818182,1.011818181818182,0.0,0.009428377042839541,172.75462434510422,92.21097618083553,6.116823072851436
Gd2Zr1.7Ti0.3O7,Gd,"Ti,Zr","{""Gd"": 1.0}","{""Ti"": 0.15, ""Zr"": 0.85}",10.48699,high_entropy,293.0,icsd_literature,10.52138738904762,1.053,0.70275,1.4983991462113126,1.2,1.3615,0.16150000000000012,0.0,0.058432178533079165,170.14114999999998,80.41830999999999,4.9861235
Gd2Zr1.5Ti0.5O7,Gd,"Ti,Zr","{""Gd"": 1.0}","{""Ti"": 0.25, ""Zr"": 0.75}",10.461865,high_entropy,293.0,icsd_literature,10.492723269327731,1.053,0.69125,1.5233273056057866,1.2,1.3825,0.1825000000000001,0.0,0.07203827951913955,171.25725,82.54185000000001,5.1589125000000005
Gd2Zr1.3Ti0.7O7,Gd,"Ti,Zr","{""Gd"": 1.0}","{""Ti"": 0.35, ""Zr"": 0.65}",10.4154,high_entropy,293.0,icsd_literature,10.464059149607845,1.053,0.67975,1.5490989334314087,1.2,1.4035,0.2035000000000001,0.0,0.0806936433710546,172.37335,84.66539,5.331701499999999
Gd2ZrTiO7,Gd,"Ti,Zr","{""Gd"": 1.0}","{""Ti"": 0.5, ""Zr"": 0.5}",10.35871,high_entropy,293.0,icsd_literature,10.42106297002801,1.053,0.6625,1.589433962264151,1.2,1.435,0.2350000000000001,0.0,0.08679245283018867,174.04749999999999,87.8507,5.590885
Gd2Zr0.7Ti1.3O7,Gd,"Ti,Zr","{""Gd"": 1.0}","{""Ti"": 0.65, ""Zr"": 0.35}",10.3184875,high_entropy,293.0,icsd_literature,10.37806679044818,1.053,0.64525,1.6319256102285935,1.2,1.4665000000000001,0.26650000000000007,0.0,0.0850081427066631,175.72164999999998,91.03601,5.850068500000001
Gd2Zr0.5Ti1.5O7,Gd,"Ti,Zr","{""Gd"": 1.0}","{""Ti"": 0.75, ""Zr"": 0.25}",10.30324,high_entropy,293.0,icsd_literature,10.349402670728292,1.053,0.63375,1.6615384615384614,1.2,1.4875,0.2875000000000001,0.0,0.07857429699030409,176.83775,93.15955000000001,6.0228575
Gd2Zr0.3Ti1.7O7,Gd,"Ti,Zr","{""Gd"": 1.0}","{""Ti"": 0.85, ""Zr"": 0.15}",10.300593333333332,high_entropy,293.0,icsd_literature,10.320738551008404,1.053,0.62225,1.6922458818802733,1.2,1.5085,0.30850000000000005,0.0,0.06599150416090219,177.95385,95.28309,6.1956465000000005
Gd2Zr0.04Ti1.96O7,Gd,"Ti,Zr","{""Gd"": 1.0}","{""Ti"": 0.98, ""Zr"": 0.02}",10.20079,high_entropy,293.0,icsd_literature,10.28347519537255,1.053,0.6073,1.7339041659805698,1.2,1.5358,0.33580000000000004,0.0,0.026510785443767497,179.40478,98.043692,6.420272199999999
Nd1.8Ho0.2Zr2O7,"Ho,Nd",Zr,"{""Ho"": 0.1, ""Nd"": 0.9}","{""Zr"": 1.0}",10.6049,high_entropy,293.0,icsd_literature,10.743006371159876,1.0996,0.72,1.5272222222222223,1.15,1.33,0.18000000000000016,0.025645689341578782,0.0,172.75462434510422,92.21097618083553,6.116823072851436
Nd1.6Ho0.4Zr2O7,"Ho,Nd",Zr,"{""Ho"": 0.2, ""Nd"": 0.8}","{""Zr"": 1.0}",10.5871,high_entropy,293.0,icsd_literature,10.715090218808779,1.0902,0.72,1.5141666666666669,1.16,1.33,0.17000000000000015,0.03448908457163826,0.0,172.75462434510422,92.21097618083553,6.116823072851436
Nd1.4Ho0.6Zr2O7,"Ho,Nd",Zr,"{""Ho"": 0.3, ""Nd"": 0.7}","{""Zr"": 1.0}",10.5652,high_entropy,293.0,icsd_literature,10.687174066457679,1.0808,0.72,1.501111111111111,1.17,1.33,0.16000000000000014,0.039855858190770664,0.0,172.75462434510422,92.21097618083553,6.116823072851436
Nd1.2Ho0.8Zr2O7,"Ho,Nd",Zr,"{""Ho"": 0.4, ""Nd"": 0.6}","{""Zr"": 1.0}",10.5607,high_entropy,293.0,icsd_literature,10.659257914106583,1.0714,0.72,1.4880555555555555,1.18,1.33,0.15000000000000013,0.042981526194067386,0.0,172.75462434510422,92.21097618083553,6.116823072851436
Nd1.1Ho0.9Zr2O7,"Ho,Nd",Zr,"{""Ho"": 0.45, ""Nd"": 0.55}","{""Zr"": 1.0}",10.5563,high_entropy,293.0,icsd_literature,10.645299837931034,1.0667,0.72,1.4815277777777778,1.185,1.33,0.14500000000000013,0.043840263939262374,0.0,172.75462434510422,92.21097618083553,6.116823072851436
NdHoZr2O7,"Ho,Nd",Zr,"{""Ho"": 0.5, ""Nd"": 0.5}","{""Zr"": 1.0}",10.5093,high_entropy,293.0,icsd_literature,10.631341761755486,1.0619999999999998,0.72,1.4749999999999999,1.19,1.33,0.14000000000000012,0.044256120527307014,0.0,172.75462434510422,92.21097618083553,6.116823072851436
SmHoTi2O7,"Ho,Sm",Ti,"{""Sm"": 0.5, ""Ho"": 0.5}","{""Ti"": 1.0}",10.162,high_entropy,293.0,icsd_literature,10.162430590909091,1.047,0.605,1.7305785123966941,1.205,1.54,0.3350000000000001,0.030563514804202514,0.0,172.75462434510422,92.21097618083553,6.116823072851436
Ho2Mn0.2Mo1.8O7,Ho,"Mn,Mo","{""Ho"": 1.0}","{""Mo"": 0.9, ""Mn"": 0.1}",10.204,high_entropy,293.0,icsd_literature,10.228612199999999,1.015,0.778,1.3046272493573263,1.2400000000000002,2.099,0.8590000000000002,0.0,0.046272493573264774,172.75462434510422,92.21097618083553,6.116823072851436
Ho2MnRuO7,Ho,"Mn,Ru","{""Ho"": 1.0}","{""Mn"": 0.5, ""Ru"": 0.5}",10.0491,high_entropy,295.0,icsd_literature,10.006170999999998,1.015,0.7150000000000001,1.4195804195804194,1.24,1.875,0.6350000000000001,0.0,0.06293706293706292,172.75462434510422,92.21097618083553,6.116823072851436
La0.05Y1.95Ti2O7,"La,Y",Ti,"{""Y"": 0.975, ""La"": 0.025}","{""Ti"": 1.0}",10.10199,high_entropy,293.0,icsd_literature,10.231677239927535,1.022525,0.605,1.6901239669421486,1.217,1.54,0.32300000000000006,0.02152868432982505,0.0,182.11749999999998,100.199775,7.468794
La0.1Y1.9Ti2O7,"La,Y",Ti,"{""Y"": 0.95, ""La"": 0.05}","{""Ti"": 1.0}",10.109195,high_entropy,293.0,icsd_literature,10.240288250869565,1.02605,0.605,1.6959504132231404,1.214,1.5399999999999998,0.32600000000000007,0.029950039035097468,0.0,181.785,99.86354999999999,7.419948
La0.2Y1.8Ti2O7,"La,Y",Ti,"{""Y"": 0.9, ""La"": 0.1}","{""Ti"": 1.0}",10.10901,high_entropy,293.0,icsd_literature,10.257510272753624,1.0331,0.605,1.7076033057851239,1.2080000000000002,1.54,0.3320000000000001,0.04094472945503824,0.0,181.11999999999998,99.1911,7.322256
La0.22Y1.75Ti2O7,"La,Y",Ti,"{""Y"": 0.8883248730964467, ""La"": 0.1116751269035533}","{""Ti"": 1.0}",10.132525,high_entropy,298.0,icsd_literature,10.261531658574267,1.034746192893401,0.605,1.7103242857742165,1.2065989847715737,1.54,0.33340101522842647,0.04291898216990142,0.0,180.96472081218272,99.03408121827411,7.299444670050762
La0.23Y1.73Ti2O7,"La,Y",Ti,"{""Y"": 0.8826530612244898, ""La"": 0.11734693877551021}","{""Ti"": 1.0}",10.12388,high_entropy,298.0,icsd_literature,10.26348525993789,1.035545918367347,0.605,1.7116461460617307,1.205918367346939,1.54,0.3340816326530613,0.04382083509329758,0.0,180.8892857142857,98.95780102040817,7.288362857142857
La0.3Y1.7Ti2O7,"La,Y",Ti,"{""Y"": 0.85, ""La"": 0.15}","{""Ti"": 1.0}",10.11981,high_entropy,293.0,icsd_literature,10.274732294637682,1.04015,0.605,1.7192561983471073,1.202,1.54,0.338,0.048403663338198434,0.0,180.45499999999998,98.51865000000001,7.224564
La0.35Y1.65Ti2O7,"La,Y",Ti,"{""Y"": 0.825, ""La"": 0.175}","{""Ti"": 1.0}",10.12344,high_entropy,293.0,icsd_literature,10.28334330557971,1.043675,0.605,1.7250826446280991,1.1989999999999998,1.54,0.34099999999999997,0.05133337642593393,0.0,180.12249999999997,98.182425,7.175717999999999
Tb1.6La0.4Mo2O7,"La,Tb",Mo,"{""Tb"": 0.8, ""La"": 0.2}","{""Mo"": 1.0}",10.286,high_entropy,293.0,icsd_literature,10.344097833333334,1.04,0.7900000000000001,1.3164556962025316,1.22,2.16,0.9400000000000003,0.0,1.4053456007913372e-16,172.75462434510422,92.21097618083553,6.116823072851436
La0.4Y1.6Hf2O7,"La,Y",Hf,"{""La"": 0.2, ""Y"": 0.8}","{""Hf"": 1.0}",10.5148,high_entropy,298.0,icsd_literature,10.5366455,1.0472,0.71,1.4749295774647886,1.196,1.3,0.10400000000000005,0.05385790679908328,0.0,168.262,94.22816,6.20363
La0.8Y1.2Hf2O7,"La,Y",Hf,"{""La"": 0.4, ""Y"": 0.6}","{""Hf"": 1.0}",10.5718,high_entropy,298.0,icsd_literature,10.595847,1.0754,0.71,1.5146478873239435,1.1720000000000002,1.3,0.12800000000000003,0.0642324816314726,0.0,167.441,93.08521999999999,5.96829
La0.8Y1.2Zr2O7,"La,Y",Zr,"{""La"": 0.4, ""Y"": 0.6}","{""Zr"": 1.0}",10.6572,high_entropy,298.0,icsd_literature,10.675924249600001,1.0754,0.72,1.493611111111111,1.1720000000000002,1.33,0.15800000000000006,0.0642324816314726,0.0,158.7022,84.67974,6.0872779999999995
La0.9Nd1.1Zr2O7,"La,Nd",Zr,"{""La"": 0.45, ""Nd"": 0.55}","{""Zr"": 1.0}",10.70252,high_entropy,293.0,icsd_literature,10.809497918731036,1.13195,0.72,1.572152777777778,1.122,1.33,0.2080000000000001,0.022414576303033507,0.0,155.689,81.86490000000002,5.3462000000000005
LaNdZr2O7,"La,Nd",Zr,"{""La"": 0.5, ""Nd"": 0.5}","{""Zr"": 1.0}",10.72892,high_entropy,293.0,icsd_literature,10.813784073755485,1.1345,0.72,1.5756944444444445,1.12,1.33,0.21000000000000008,0.02247686205376815,0.0,155.689,81.8649,5.3462
La1.2Ce0.8Y0.8Zr1.2O7,"La,Y","Ce,Zr","{""Y"": 0.4, ""La"": 0.6}","{""Zr"": 0.6, ""Ce"": 0.4}",10.792,high_entropy,293.0,icsd_literature,10.736164707733336,1.1036,0.72,1.5327777777777778,1.1480000000000001,1.33,0.18200000000000002,0.06259116595368398,0.0,157.6978,83.74146,5.840252
La1.2Y0.8Hf2O7,"La,Y",Hf,"{""La"": 0.6, ""Y"": 0.4}","{""Hf"": 1.0}",10.646,high_entropy,298.0,icsd_literature,10.6550485,1.1036,0.71,1.5543661971830987,1.1480000000000001,1.3,0.152,0.06259116595368398,0.0,166.62,91.94228000000001,5.732950000000001
La1.2Y0.8Zr2O7,"La,Y",Zr,"{""La"": 0.6, ""Y"": 0.4}","{""Zr"": 1.0}",10.6714,high_entropy,298.0,icsd_literature,10.736164707733334,1.1036,0.72,1.5327777777777778,1.1480000000000001,1.33,0.18200000000000002,0.06259116595368398,0.0,157.6978,83.74146,5.8402519999999996
La1.26Nd0.74Zr2O7,"La,Nd",Zr,"{""La"": 0.63, ""Nd"": 0.37}","{""Zr"": 1.0}",10.75648,high_entropy,293.0,icsd_literature,10.82492807681906,1.14113,0.72,1.5849027777777778,1.1148,1.33,0.21520000000000006,0.021577751629813888,0.0,155.689,81.8649,5.3462
La1.48Nd0.52Zr2O7,"La,Nd",Zr,"{""La"": 0.74, ""Nd"": 0.26}","{""Zr"": 1.0}",10.78457,high_entropy,293.0,icsd_literature,10.834357617872852,1.1467399999999999,0.72,1.5926944444444444,1.1104,1.33,0.21960000000000005,0.01950777547085696,0.0,155.689,81.8649,5.3462
La1.6Y0.4Hf2O7,"La,Y",Hf,"{""La"": 0.8, ""Y"": 0.2}","{""Hf"": 1.0}",10.7212,high_entropy,298.0,icsd_literature,10.71425,1.1318,0.71,1.5940845070422536,1.124,1.3,0.176,0.04983212581728221,0.0,165.799,90.79934,5.49761
La1.6Y0.4Zr2O7,"La,Y",Zr,"{""La"": 0.8, ""Y"": 0.2}","{""Zr"": 1.0}",10.7484,high_entropy,298.0,icsd_literature,10.796405165866668,1.1318,0.72,1.5719444444444444,1.124,1.33,0.20600000000000002,0.04983212581728221,0.0,156.6934,82.80318000000001,5.593226
La1.65Y0.35Ti2O7,"La,Y",Ti,"{""Y"": 0.175, ""La"": 0.825}","{""Ti"": 1.0}",10.1315,high_entropy,298.0,icsd_literature,10.507229590072464,1.135325,0.605,1.8765702479338842,1.121,1.54,0.41899999999999993,0.04718944940112883,0.0,171.4775,89.440575,5.905721999999999
La1.7Y0.3Ti2O7,"La,Y",Ti,"{""Y"": 0.15, ""La"": 0.85}","{""Ti"": 1.0}",10.1316,high_entropy,298.0,icsd_literature,10.515840601014494,1.13885,0.605,1.882396694214876,1.118,1.54,0.42199999999999993,0.04420869334963085,0.0,171.145,89.10435,5.856876
La1.75Y0.25Ti2O7,"La,Y",Ti,"{""Y"": 0.125, ""La"": 0.875}","{""Ti"": 1.0}",10.1145,high_entropy,298.0,icsd_literature,10.524451611956522,1.142375,0.605,1.8882231404958676,1.1150000000000002,1.54,0.42499999999999993,0.04081966679725433,0.0,170.8125,88.768125,5.80803
La1.94Pr0.06Zr2O7,"La,Pr",Zr,"{""La"": 0.97, ""Pr"": 0.03}","{""Zr"": 1.0}",10.7807,high_entropy,293.0,icsd_literature,10.854468896217499,1.15898,0.7199999999999999,1.6096944444444445,1.1009,1.33,0.22909999999999997,0.0050043706682935665,1.5419764230904954e-16,155.689,81.8649,5.3462
La2Ce0.1Zr1.9O7,La,"Ce,Zr","{""La"": 1.0}","{""Zr"": 0.95, ""Ce"": 0.05}",10.787,high_entropy,298.0,icsd_literature,10.856645624,1.16,0.72,1.6111111111111112,1.0999999999999999,1.33,0.22999999999999998,0.0,0.0,155.68900000000002,81.8649,5.3462
La2Ce0.2Zr1.8O7,La,"Ce,Zr","{""La"": 1.0}","{""Zr"": 0.9, ""Ce"": 0.1}",10.776,high_entropy,298.0,icsd_literature,10.856645624,1.16,0.72,1.6111111111111112,1.1,1.33,0.22999999999999998,0.0,0.0,155.689,81.86490000000002,5.3462000000000005
La2Ce0.3Zr1.7O7,La,"Ce,Zr","{""La"": 1.0}","{""Zr"": 0.85, ""Ce"": 0.15}",10.815,high_entropy,298.0,icsd_literature,10.856645624,1.16,0.72,1.6111111111111112,1.1,1.33,0.22999999999999998,0.0,0.0,155.689,81.8649,5.346199999999999
La2Ce0.4Zr1.6O7,La,"Ce,Zr","{""La"": 1.0}","{""Zr"": 0.8, ""Ce"": 0.2}",10.837,high_entropy,298.0,icsd_literature,10.856645624,1.16,0.7199999999999999,1.6111111111111114,1.1,1.33,0.22999999999999998,0.0,1.3791856406929297e-16,155.689,81.8649,5.3462
Nd0.4Y1.6Zr2O7,"Nd,Y",Zr,"{""Nd"": 0.2, ""Y"": 0.8}","{""Zr"": 1.0}",10.531,high_entropy,293.0,icsd_literature,10.598539171368863,1.037,0.72,1.4402777777777778,1.204,1.33,0.1260000000000001,0.03471552555448412,0.0,160.711,86.5563,6.58133
Nd0.8Y1.2Zr2O7,"Nd,Y",Zr,"{""Nd"": 0.4, ""Y"": 0.6}","{""Zr"": 1.0}",10.532,high_entropy,293.0,icsd_literature,10.641635009404391,1.055,0.72,1.4652777777777777,1.188,1.33,0.14200000000000013,0.04179224205696421,0.0,160.711,86.5563,6.58133
Nd1.6Y0.4Zr2O7,"Nd,Y",Zr,"{""Nd"": 0.8, ""Y"": 0.2}","{""Zr"": 1.0}",10.609,high_entropy,293.0,icsd_literature,10.727826685475446,1.091,0.72,1.5152777777777777,1.156,1.33,0.17400000000000015,0.0329972502291476,0.0,160.711,86.5563,6.58133
Ce0.1Nd2Zr1.9O7,Nd,"Ce,Zr","{""Nd"": 1.0}","{""Zr"": 0.95, ""Ce"": 0.05}",10.687,high_entropy,293.0,icsd_literature,10.770922523510972,1.109,0.72,1.5402777777777779,1.1400000000000001,1.33,0.19000000000000017,0.0,0.0,172.75462434510422,92.21097618083553,6.116823072851436
Ce0.2Nd2Zr1.8O7,Nd,"Ce,Zr","{""Nd"": 1.0}","{""Zr"": 0.9, ""Ce"": 0.1}",10.7,high_entropy,293.0,icsd_literature,10.770922523510972,1.109,0.72,1.5402777777777779,1.14,1.33,0.19000000000000017,0.0,0.0,172.75462434510422,92.21097618083553,6.116823072851436
Ce0.4Nd2Zr1.6O7,Nd,"Ce,Zr","{""Nd"": 1.0}","{""Zr"": 0.8, ""Ce"": 0.2}",10.728,high_entropy,293.0,icsd_literature,10.770922523510972,1.109,0.7199999999999999,1.540277777777778,1.14,1.33,0.19000000000000017,0.0,1.3791856406929297e-16,172.75462434510422,92.21097618083553,6.116823072851436
Nd1.8Ru2Pb0.2O6.962,Nd,"Pb,Ru","{""Nd"": 1.0}","{""Pb"": 0.09090909090909091, ""Ru"": 0.9090909090909091}",10.33705,high_entropy,293.0,icsd_literature,10.387213636363635,1.109,0.7622727272727273,1.4548598688133572,1.1399999999999997,2.211818181818182,1.071818181818182,0.0,0.009428377042839541,172.75462434510422,92.21097618083553,6.116823072851436
Nd2Zr1.556Ti0.444O7,Nd,"Ti,Zr","{""Nd"": 1.0}","{""Zr"": 0.778, ""Ti"": 0.222}",10.5908,high_entropy,293.0,icsd_literature,10.685531106291535,1.109,0.6944699999999999,1.5969012340345876,1.14,1.37662,0.23662000000000016,0.0,0.06881936109887805,172.75462434510422,92.21097618083553,6.116823072851436
Nd2Zr1.188Ti0.812O7,Nd,"Ti,Zr","{""Nd"": 1.0}","{""Zr"": 0.594, ""Ti"": 0.406}",10.5254,high_entropy,293.0,icsd_literature,10.614756237965516,1.109,0.67331,1.6470867802349587,1.14,1.41526,0.27526000000000017,0.0,0.08387625183467869,172.75462434510422,92.21097618083553,6.116823072851436
Nd2Zr0.89Ti1.11O7,Nd,"Ti,Zr","{""Nd"": 1.0}","{""Zr"": 0.445, ""Ti"": 0.555}",10.46112,high_entropy,293.0,icsd_literature,10.557443980462383,1.109,0.6561750000000001,1.690097915952299,1.1400000000000001,1.4465500000000002,0.30655000000000016,0.0,0.08709729304380552,172.75462434510422,92.21097618083553,6.116823072851436
Pr2Sc0.27Mo1.73O6.97,"Pr,Sc",Mo,"{""Pr"": 0.8810572687224669, ""Sc"": 0.11894273127753305}","{""Mo"": 1.0}",10.5271,high_entropy,293.0,icsd_literature,10.375642998528187,1.0693716154649033,0.6842868798055178,1.5733836888953547,1.2938126269357655,1.7010890535956582,0.40727642665989255,0.023766913461056825,0.011313362376585123,172.75462434510422,92.21097618083553,6.116823072851436
Ce0.1Sm1.9Zr1.9Sc0.1O7,"Sc,Sm","Ce,Zr","{""Sm"": 0.95, ""Sc"": 0.05}","{""Zr"": 0.95, ""Ce"": 0.05}",10.5758,high_entropy,293.0,icsd_literature,10.606609055555555,1.079,0.72,1.4986111111111111,1.1700000000000002,1.33,0.16000000000000014,0.0,0.0,172.75462434510422,92.21097618083553,6.116823072851436
Yb1.82Sc0.18Ti2O7,"Sc,Yb",Ti,"{""Yb"": 0.91, ""Sc"": 0.09}","{""Ti"": 1.0}",10.0082,high_entropy,293.0,icsd_literature,10.122522524324324,0.985,0.605,1.6280991735537191,1.1,1.5399999999999998,0.43999999999999995,0.0,0.0,172.75462434510422,92.21097618083553,6.116823072851436
Ce0.2Sm1.8Zr1.8Sc0.2O7,"Sc,Sm","Ce,Zr","{""Sm"": 0.9, ""Sc"": 0.09999999999999999}","{""Zr"": 0.9, ""Ce"": 0.09999999999999999}",10.5718,high_entropy,293.0,icsd_literature,10.606609055555555,1.079,0.72,1.4986111111111111,1.17,1.33,0.16000000000000014,0.0,0.0,172.75462434510422,92.21097618083553,6.116823072851436
Sc0.2Mn2Tl1.8O7,"Sc,Tl",Mn,"{""Tl"": 0.9, ""Sc"": 0.1}","{""Mn"": 1.0}",9.869,high_entropy,296.0,icsd_literature,9.654044333333331,0.885,0.67,1.3208955223880596,1.36,1.5500000000000003,0.18999999999999995,0.0,0.0,172.75462434510422,92.21097618083553,6.116823072851436
Ce0.3Sm1.7Zr1.7Sc0.3O7,"Sc,Sm","Ce,Zr","{""Sm"": 0.85, ""Sc"": 0.15}","{""Zr"": 0.85, ""Ce"": 0.15}",10.568,high_entropy,293.0,icsd_literature,10.606609055555555,1.079,0.72,1.4986111111111111,1.17,1.33,0.16000000000000014,0.0,0.0,172.75462434510422,92.21097618083553,6.116823072851436
Ce0.4Sm1.6Zr1.6Sc0.4O7,"Sc,Sm","Ce,Zr","{""Sm"": 0.8, ""Sc"": 0.2}","{""Zr"": 0.8, ""Ce"": 0.2}",10.56,high_entropy,293.0,icsd_literature,10.606609055555555,1.079,0.72,1.4986111111111111,1.17,1.33,0.16000000000000014,0.0,0.0,172.75462434510422,92.21097618083553,6.116823072851436
Sm0.05Y1.95Ti2O7,"Sm,Y",Ti,"{""Y"": 0.975, ""Sm"": 0.025}","{""Ti"": 1.0}",10.098,high_entropy,293.0,icsd_literature,10.22334307326087,1.0205,0.605,1.6867768595041321,1.21875,1.54,0.32125000000000004,0.009179320918762966,0.0,182.45,100.536,7.51764
Sm0.1Y1.9Ti2O7,"Sm,Y",Ti,"{""Y"": 0.95, ""Sm"": 0.05}","{""Ti"": 1.0}",10.105,high_entropy,293.0,icsd_literature,10.223619917536231,1.0219999999999998,0.605,1.689256198347107,1.2175,1.5399999999999998,0.32250000000000006,0.012795202378299446,0.0,182.45,100.536,7.51764
Sm0.2Y1.8Ti2O7,"Sm,Y",Ti,"{""Y"": 0.9, ""Sm"": 0.1}","{""Ti"": 1.0}",10.113,high_entropy,293.0,icsd_literature,10.224173606086957,1.025,0.605,1.6942148760330578,1.215,1.54,0.3250000000000001,0.017560975609756113,0.0,182.45,100.536,7.51764
Sm0.5Y1.5Ti2O7,"Sm,Y",Ti,"{""Y"": 0.75, ""Sm"": 0.25}","{""Ti"": 1.0}",10.125,high_entropy,293.0,icsd_literature,10.225834671739129,1.0339999999999998,0.605,1.7090909090909088,1.2075,1.54,0.3325000000000001,0.025126462392198443,0.0,182.44999999999996,100.536,7.51764
SmYTi2O7,"Sm,Y",Ti,"{""Y"": 0.5, ""Sm"": 0.5}","{""Ti"": 1.0}",10.16,high_entropy,293.0,icsd_literature,10.228603114492753,1.049,0.605,1.7338842975206612,1.1949999999999998,1.54,0.3450000000000001,0.028598665395614897,0.0,182.45,100.536,7.51764
YbSmTi2O7,"Sm,Yb",Ti,"{""Sm"": 0.5, ""Yb"": 0.5}","{""Ti"": 1.0}",10.133,high_entropy,293.0,icsd_literature,10.178331262162162,1.032,0.605,1.7057851239669422,1.135,1.54,0.405,0.04554263565891471,0.0,172.75462434510422,92.21097618083553,6.116823072851436
Tb2Zr0.2Sn1.8O7,Tb,"Sn,Zr","{""Tb"": 1.0}","{""Zr"": 0.1, ""Sn"": 0.9}",10.423759,high_entropy,293.0,icsd_literature,10.563487599999998,1.04,0.693,1.500721500721501,1.2200000000000002,1.897,0.677,0.0,0.012987012987013,161.139,86.2893,4.11772
Yb0.1Y1.9Sn2O7,"Y,Yb",Sn,"{""Y"": 0.95, ""Yb"": 0.05}","{""Sn"": 1.0}",10.37036,high_entropy,293.0,icsd_literature,10.546138607142854,1.0172999999999999,0.69,1.4743478260869565,1.214,1.96,0.746,0.007284113048283818,0.0,158.9195,85.3572,4.575925
Y2Hf0.5Ti1.5O7,Y,"Hf,Ti","{""Y"": 1.0}","{""Ti"": 0.75, ""Hf"": 0.25}",10.179,high_entropy,293.0,icsd_literature,10.28666067173913,1.019,0.63125,1.6142574257425741,1.22,1.48,0.26000000000000006,0.0,0.07202587516623053,179.10824999999997,99.244775,7.2479725
Y2HfTiO7,Y,"Hf,Ti","{""Y"": 1.0}","{""Ti"": 0.5, ""Hf"": 0.5}",10.2524,high_entropy,293.0,icsd_literature,10.350255114492754,1.019,0.6575,1.5498098859315588,1.22,1.42,0.20000000000000007,0.0,0.07984790874524714,175.7665,97.95355,6.978305000000001
Y2Hf1.5Ti0.5O7,Y,"Hf,Ti","{""Y"": 1.0}","{""Ti"": 0.25, ""Hf"": 0.75}",10.3246,high_entropy,293.0,icsd_literature,10.413849557246378,1.019,0.68375,1.4903107861060327,1.22,1.36,0.14000000000000007,0.0,0.06649555202732435,172.42475000000002,96.662325,6.7086375
Y2Ti0.3Ir1.7O7,Y,"Ir,Ti","{""Y"": 1.0}","{""Ti"": 0.15, ""Ir"": 0.85}",10.212,high_entropy,293.0,icsd_literature,10.18138826768116,1.019,0.622,1.6382636655948553,1.22,2.101,0.8810000000000002,0.0,0.011481396187367935,182.45,100.536,7.51764
Y2Ti0.2Ir1.8O7,Y,"Ir,Ti","{""Y"": 1.0}","{""Ti"": 0.1, ""Ir"": 0.9}",10.218,high_entropy,293.0,icsd_literature,10.178936622898552,1.019,0.623,1.6356340288924558,1.2200000000000002,2.1340000000000003,0.9140000000000003,0.0,0.009630818619582673,182.45,100.536,7.517640000000001
Y2Ti0.1Ir1.9O7,Y,"Ir,Ti","{""Y"": 1.0}","{""Ti"": 0.05, ""Ir"": 0.95}",10.228,high_entropy,293.0,icsd_literature,10.176484978115942,1.019,0.624,1.6330128205128203,1.22,2.167,0.9470000000000002,0.0,0.006985414973622881,182.45,100.536,7.517640000000001
Y2Ti0.05Ir1.95O7,Y,"Ir,Ti","{""Y"": 1.0}","{""Ti"": 0.025, ""Ir"": 0.975}",10.242,high_entropy,293.0,icsd_literature,10.175259155724637,1.019,0.6245,1.6317053642914328,1.22,2.1835,0.9635000000000001,0.0,0.004999998397436672,182.45,100.536,7.517640000000001
Y2Zr1.9Mn0.1O7,Y,"Mn,Zr","{""Y"": 1.0}","{""Zr"": 0.95, ""Mn"": 0.05}",10.4507,high_entropy,293.0,icsd_literature,10.526624045833337,1.019,0.7174999999999999,1.4202090592334495,1.22,1.3410000000000002,0.1210000000000001,0.0,0.015187801197005813,161.42880000000002,87.42668499999999,6.4885554999999995
Y2Zr1.8Mn0.2O7,Y,"Mn,Zr","{""Y"": 1.0}","{""Zr"": 0.9, ""Mn"": 0.1}",10.4468,high_entropy,293.0,icsd_literature,10.497804758333336,1.019,0.7150000000000001,1.4251748251748249,1.2200000000000002,1.352,0.1320000000000001,0.0,0.020979020979020952,162.1466,88.29706999999999,6.395781
Y2Ti1.5Sn0.5O7,Y,"Sn,Ti","{""Y"": 1.0}","{""Ti"": 0.75, ""Sn"": 0.25}",10.3162,high_entropy,293.0,icsd_literature,10.305551278881987,1.019,0.62625,1.6271457085828342,1.22,1.645,0.42500000000000004,0.0,0.05877218309115948,176.56737499999997,96.7413,6.78221125
Y2TiSnO7,Y,"Sn,Ti","{""Y"": 1.0}","{""Ti"": 0.5, ""Sn"": 0.5}",10.2532,high_entropy,293.0,icsd_literature,10.388036328778467,1.019,0.6475,1.5737451737451738,1.22,1.75,0.53,0.0,0.06563706563706562,170.68475,92.9466,6.0467825
Y2ZrSnO7,Y,"Sn,Zr","{""Y"": 1.0}","{""Zr"": 0.5, ""Sn"": 0.5}",10.3,high_entropy,293.0,icsd_literature,10.554224880952383,1.019,0.705,1.4453900709219858,1.22,1.645,0.42500000000000004,0.0,0.02127659574468087,159.81525,85.95675,5.5786275
Y2Ti0.5Sn1.5O7,Y,"Sn,Ti","{""Y"": 1.0}","{""Ti"": 0.25, ""Sn"": 0.75}",10.197,high_entropy,293.0,icsd_literature,10.470521378674947,1.019,0.66875,1.5237383177570094,1.22,1.855,0.635,0.0,0.05503712846480543,164.802125,89.1519,5.31135375
Y2Zr0.2Sn1.8O7,Y,"Sn,Zr","{""Y"": 1.0}","{""Zr"": 0.1, ""Sn"": 0.9}",10.38564,high_entropy,293.0,icsd_literature,10.553250119047618,1.019,0.693,1.4704184704184704,1.2200000000000002,1.897,0.677,0.0,0.012987012987013,159.09865,85.47711000000001,4.7764655000000005
Y2Zr1.2Ti0.8O7,Y,"Ti,Zr","{""Y"": 1.0}","{""Zr"": 0.6, ""Ti"": 0.4}",10.286,high_entropy,293.0,icsd_literature,10.422492491594205,1.019,0.6739999999999999,1.5118694362017804,1.22,1.4140000000000001,0.1940000000000001,0.0,0.08358792890803131,169.40660000000003,92.14818,6.955854
Y2Zr0.9Ti1.1O7,Y,"Ti,Zr","{""Y"": 1.0}","{""Zr"": 0.45, ""Ti"": 0.55}",10.2437,high_entropy,293.0,icsd_literature,10.372635925942031,1.019,0.65675,1.5515797487628473,1.2200000000000002,1.4455,0.2255000000000001,0.0,0.08711347945737441,172.66745,94.245135,7.096300500000001
Y2Zr0.6Ti1.4O7,Y,"Ti,Zr","{""Y"": 1.0}","{""Zr"": 0.3, ""Ti"": 0.7}",10.1901,high_entropy,293.0,icsd_literature,10.322779360289855,1.019,0.6395,1.5934323690383112,1.22,1.4769999999999999,0.25700000000000006,0.0,0.08240753790772816,175.92829999999998,96.34208999999998,7.236746999999999
