material_id,formula_pretty,composition,elements,a_lattice,b_lattice,c_lattice,volume,density,crystal_system,space_group_symbol,space_group_number,point_group,band_gap,cbm,vbm,is_gap_direct,total_magnetization,energy_above_hull,formation_energy_per_atom,energy_per_atom,bulk_modulus,shear_modulus,homogeneous_poisson,dielectric_constant,last_updated,deprecated
mp-1101257,Tm2Pt2O7,Tm4 Pt4 O14,"O, Pt, Tm",10.090605,10.090605,10.090605,1027.4287,10.8613,Cubic,Fd-3m,227,m-3m,1.4709,5.1862,3.7153,False,0.0,0.0,-2.489978588181823,-7.557523736818186,,,,,2025-09-23 22:47:32.228000+00:00,False
mp-1190246,Ir2Pb2O7,Ir4 Pb4 O14,"Ir, O, Pb",10.297138,10.297138,10.297138,1091.8163,11.0822,Cubic,Fd-3m,227,m-3m,0.15200000000000002,6.1577,6.0057,False,0.0,0.0,-1.425466649999997,-6.8561838804545445,,,,,2025-09-23 22:47:32.286000+00:00,False
mp-1190299,Nd2Ir2O7,Nd4 Ir4 O14,"Ir, Nd, O",10.410386,10.410355,10.409975,1128.1895,9.2427,Cubic,Fd-3m,227,m-3m,0.0,,,False,4.024081,0.0,-2.432281358636364,-8.054907745909093,,,,,2025-09-23 22:47:32.290000+00:00,False
mp-1178365,Dy2Pt2O7,Dy4 Pt4 O14,"Dy, O, Pt",10.188881,10.188881,10.188881,1057.7413,10.3885,Cubic,Fd-3m,227,m-3m,1.5345,5.255,3.7205,False,0.0,0.0,-2.458439323939394,-7.550688845000002,,,,,2025-09-23 22:47:32.279000+00:00,False
mp-1190424,Dy2Mo2O7,Dy4 Mo4 O14,"Dy, Mo, O",10.258931,10.258931,10.258931,1079.708,7.7374,Cubic,Fd-3m,227,m-3m,0.0,,,False,7.9999999,0.011552227272719,-2.911589593484849,-8.87193307636364,,,,,2025-09-23 22:47:32.295000+00:00,False
mp-1178177,Ho2V2O7,Ho4 V4 O14,"Ho, O, V",9.971611,9.971611,9.971611,991.5076,7.2851,Cubic,Fd-3m,227,m-3m,1.2503,4.2805,3.0302,False,4.0000001,0.009340272954544001,-3.241677890909092,-8.877941355000003,,,,,2025-09-23 22:47:32.276000+00:00,False
mp-1190245,Gd2Hf2O7,Gd4 Hf4 O14,"Gd, Hf, O",10.511892,10.511893,10.511894,1161.563,8.9602,Cubic,Fd-3m,227,m-3m,2.8263,5.0534,2.2271,False,28.0000014,0.0,-3.999542177272729,-11.51793759318182,,,,,2025-09-23 22:47:32.285000+00:00,False
mp-1190115,Ca2Sb2O7,Ca4 Sb4 O14,"Ca, O, Sb",10.329127,10.329131,10.32917,1102.0285,5.2518,Cubic,Fd-3m,227,m-3m,0.0,,,False,0.0013838,0.029278214090902,-2.565169754545453,-6.829254234090908,,,,,2025-09-23 22:47:32.284000+00:00,False
mp-1190319,In2Ge2O7,In4 Ge4 O14,"Ge, In, O",9.740504,9.740504,9.740504,924.154,6.9991,Cubic,Fd-3m,227,m-3m,1.049399999999999,6.7600999999999996,5.7107,False,9e-07,0.043403249545451,-2.039348652121211,-6.530269582272727,,,,,2025-09-23 22:47:32.292000+00:00,False
mp-1178175,Ho2Pb2O7,Ho4 Pb4 O14,"Ho, O, Pb",10.629093,10.629093,10.629093,1200.8498,9.4723,Cubic,Fd-3m,227,m-3m,1.1706,4.7915,3.6209,True,0.0,0.0,-2.546348146818181,-7.206019065454546,,,,,2025-09-23 22:47:32.275000+00:00,False
mp-1190845,Nd2Hf2O7,Nd4 Hf4 O14,"Hf, Nd, O",10.638469,10.638469,10.638469,1204.0304,8.3572,Cubic,Fd-3m,227,m-3m,4.0703,6.3185,2.2482,False,0.0,0.0,-3.98081208681819,-9.806848446818192,,,,,2025-09-23 22:47:32.301000+00:00,False
mp-1192130,Cd2Tc2O7,Cd4 Tc4 O14,"Cd, O, Tc",10.188854,10.188854,10.188854,1057.7329,6.6918,Cubic,Fd-3m,227,m-3m,0.0,,,False,8.0003457,0.0,-1.6871452349999991,-6.894147535454545,,,,,2025-09-23 22:47:32.324000+00:00,False
mp-1191878,Eu2Mo2O7,Eu4 Mo4 O14,"Eu, Mo, O",10.46613,10.468421,10.469672,1147.0977,7.0375,Cubic,Fd-3m,227,m-3m,0.0,,,False,20.2630884,0.019614279999993,-2.649039712272727,-9.640244356363636,,,,,2025-09-23 22:47:32.317000+00:00,False
mp-1191889,Eu2Pt2O7,Eu4 Pt4 O14,"Eu, O, Pt",10.356267,10.356116,10.356231,1110.7131,9.6695,Cubic,Fd-3m,227,m-3m,0.0,,,False,23.9950628,0.0,-2.084046791818179,-8.207157474090906,,,,,2025-09-23 22:47:32.319000+00:00,False
mp-1191975,Sn2Pb2O7,Sn4 Pb4 O14,"O, Pb, Sn",10.753128,10.753128,10.753128,1243.3816,8.1606,Cubic,Fd-3m,227,m-3m,0.0,,,False,0.0008828999999990001,0.054540119772720004,-1.732623209090907,-6.285365471363636,,,,,2025-09-23 22:47:32.320000+00:00,False
mp-1191821,Nd2Tc2O7,Nd4 Tc4 O14,"Nd, O, Tc",10.451953,10.451953,10.451953,1141.8059,6.9397,Cubic,Fd-3m,227,m-3m,0.0,,,False,11.9999997,0.0007585702272650001,-2.745416420909092,-8.644807310909092,,,,,2025-09-23 22:47:32.315000+00:00,False
mp-1192102,Co2Sb2O7,Co4 Sb4 O14,"Co, O, Sb",10.168556,10.168556,10.168556,1051.4239,5.981,Cubic,Fd-3m,227,m-3m,0.770999999999999,5.5545,4.7835,False,11.998989,0.139713314772745,-1.5817614972727272,-6.778176311363637,,,,,2025-09-23 22:47:32.322000+00:00,False
mp-1191749,Y2Ir2O7,Y4 Ir4 O14,"Ir, O, Y",10.185648,10.185648,10.185648,1056.7348,8.476,Cubic,Fd-3m,227,m-3m,0.0,,,False,4.0798671,0.0,-2.499477690909091,-8.438639363181819,,,,,2025-09-23 22:47:32.312000+00:00,False
mp-1190856,Mn2Sb2O7,Mn4 Sb4 O14,"Mn, O, Sb",10.297436,10.297436,10.297436,1091.9112,5.662,Cubic,Fd-3m,227,m-3m,0.0,,,False,0.0,0.037402466363635006,-1.95141265598746,-7.516663574090909,,,,,2025-09-23 22:47:32.302000+00:00,False
mp-1191189,Cd2Sb2O7,Cd4 Sb4 O14,"Cd, O, Sb",10.303146,10.303146,10.303146,1093.7286,7.0487,Cubic,Fd-3m,227,m-3m,0.3778,4.0067,3.6289,False,0.0,0.0,-1.784500141363636,-5.8584774045454555,,,,,2025-09-23 22:47:32.306000+00:00,False
mp-1190650,Ni2Sb2O7,Ni4 Sb4 O14,"Ni, O, Sb",10.194444,10.194444,10.194444,1059.4748,5.9295,Cubic,Fd-3m,227,m-3m,1.025299999999999,5.2597,4.2344,True,0.0,0.31361355681817604,-1.377274126363636,-6.32763802409091,,,,,2025-09-23 22:47:32.296000+00:00,False
mp-1191195,Eu2Hf2O7,Eu4 Hf4 O14,"Eu, Hf, O",10.558569,10.558871,10.558817,1177.1663,8.7223,Cubic,Fd-3m,227,m-3m,0.0,,,False,23.9999994,0.083577048636364,-3.675034681363634,-10.504700947272726,,,,,2025-09-23 22:47:32.309000+00:00,False
mp-1219287,Sm2Mo2O7,Sm4 Mo4 O14,"Mo, O, Sm",10.488164,10.488164,10.488164,1153.7147,6.9615,Cubic,Fd-3m,227,m-3m,0.0,,,False,7.8896982,0.363161536818195,-2.5189154977272743,-8.497479090909092,,,,,2025-09-23 22:47:32.566000+00:00,False
mp-1258020,Al2Fe2O7,Al4 Fe4 O14,"Al, Fe, O",9.312858,9.312858,9.312858,807.6979,4.5665,Cubic,Fd-3m,227,m-3m,0.0,,,False,8.0466608,0.416155202727273,-1.917318597727272,-7.287038699090909,,,,,2025-09-23 22:47:32.611000+00:00,False
mp-1260244,Al2Sn2O7,Al4 Sn4 O14,"Al, O, Sn",9.940218,9.940218,9.940218,982.1724,5.4559,Cubic,Fd-3m,227,m-3m,1.351599999999999,7.5878,6.2362,True,0.00045969999999900005,0.546190308181818,-2.160868516363635,-6.719597825909091,,,,,2025-09-23 22:47:32.612000+00:00,False
mp-1248873,Al2Ni2O7,Al4 Ni4 O14,"Al, Ni, O",9.166182,9.166182,9.166182,770.1325,4.8875,Cubic,Fd-3m,227,m-3m,1.0073,6.7792,5.7719000000000005,False,0.0043593,0.27923695303030505,-1.726363709090908,-6.607013895909091,,,,,2025-09-23 22:47:32.605000+00:00,False
mp-1255912,Mn2Al2O7,Mn4 Al4 O14,"Al, Mn, O",9.399346,9.399346,9.399346,830.4106,4.4126,Cubic,Fd-3m,227,m-3m,1.585799999999999,6.5019,4.9161,False,11.9971944,0.296728488939393,-2.254900836896551,-7.7504380440909095,,,,,2025-09-23 22:47:32.610000+00:00,False
mp-1346622,Y2Ni2O7,Y4 Ni4 O14,"Ni, O, Y",9.875512,9.875512,9.875512,963.1166,5.6165,Cubic,Fd-3m,227,m-3m,0.0,,,False,0.0375068,0.060556579999999006,-2.181000003636363,-7.564107585000001,,,,,2025-09-23 22:47:32.625000+00:00,False
mp-1261949,Al2V2O7,Al4 V4 O14,"Al, O, V",9.531128,9.531128,9.531128,865.8306,4.1095,Cubic,Fd-3m,227,m-3m,0.0,6.2003,6.2338000000000005,False,4.0000172,0.44613916863635605,-2.487275749545455,-7.968611280000001,,,,,2025-09-23 22:47:32.614000+00:00,False
mp-1369302,Y2Co2O7,Y4 Co4 O14,"Co, O, Y",9.91487,9.91487,9.91487,974.6778,5.5564,Cubic,Fd-3m,227,m-3m,0.0,,,False,3.9995969,0.039805129886363005,-2.342372649545453,-7.971531147272727,,,,,2025-09-23 22:47:32.627000+00:00,False
mp-1262076,Al2Bi2O7,Al4 Bi4 O14,"Al, Bi, O",10.160646,10.160646,10.160646,1048.9722,7.3948,Cubic,Fd-3m,227,m-3m,0.0,,,False,4.522544,0.623291623636364,-1.7304665399999992,-6.267461750454545,,,,,2025-09-23 22:47:32.615000+00:00,False
mp-12533,La2Hf2O7,La4 Hf4 O14,"Hf, La, O",10.738821,10.738821,10.738821,1238.4252,8.0106,Cubic,Fd-3m,227,m-3m,4.2879,8.3705,4.0826,False,0.0,0.0,-4.042177013636373,-9.898733314090917,"{'voigt': 160.548, 'reuss': 160.548, 'vrh': 160.548}","{'voigt': 90.128, 'reuss': 89.838, 'vrh': 89.983}",0.264,,2025-09-23 22:47:32.607000+00:00,False
mp-1252698,Al2Sb2O7,Al4 Sb4 O14,"Al, O, Sb",9.932074,9.932074,9.932074,979.7603,5.552,Cubic,Fd-3m,227,m-3m,0.000299999999999,8.7706,8.7703,True,0.0001794,0.6697028077272741,-1.894471980909089,-6.474915724090908,,,,,2025-09-23 22:47:32.606000+00:00,False
mp-1261252,Ti2Al2O7,Ti4 Al4 O14,"Al, O, Ti",9.586782,9.586782,9.586782,881.0865,3.9456,Cubic,Fd-3m,227,m-3m,0.6019999999999991,5.7478,5.1458,False,0.0002171,0.5260096772727271,-2.9449983001515143,-8.210258548181818,,,,,2025-09-23 22:47:32.613000+00:00,False
mp-1375270,Al2Cr2O7,Al4 Cr4 O14,"Al, Cr, O",9.495328,9.495328,9.495328,856.1107,4.1888,Cubic,Fd-3m,227,m-3m,0.0,,,False,8.0011346,0.45417952909090503,-2.220271399090909,-7.805087184090909,,,,,2025-09-23 22:47:32.628000+00:00,False
mp-1345216,Y2Sb2O7,Y4 Sb4 O14,"O, Sb, Y",10.674122,10.674122,10.674122,1216.1762,5.8255,Cubic,Fd-3m,227,m-3m,0.0,,,False,0.0017997,0.17558998572727202,-2.705031844545453,-7.787932982272727,,,,,2025-09-23 22:47:32.624000+00:00,False
mp-1376528,Al2Co2O7,Al4 Co4 O14,"Al, Co, O",9.237498,9.237498,9.237498,788.2484,4.7833,Cubic,Fd-3m,227,m-3m,0.0,,,False,4.000203,0.29851877227272805,-1.8439676822727271,-6.970668785454546,,,,,2025-09-23 22:47:32.629000+00:00,False
mp-13801,Tl2Pt2O7,Tl4 Pt4 O14,"O, Pt, Tl",10.205293,10.205293,10.205293,1062.8608,11.3854,Cubic,Fd-3m,227,m-3m,0.6958000000000001,5.5083,4.8125,True,0.0,0.0,-1.149196037878786,-5.832917665909088,"{'voigt': 170.426, 'reuss': 170.426, 'vrh': 170.426}","{'voigt': 83.899, 'reuss': 83.883, 'vrh': 83.891}",0.289,,2025-09-23 22:47:32.631000+00:00,False
mp-1379819,Y2Fe2O7,Y4 Fe4 O14,"Fe, O, Y",9.974962,9.974925,9.974893,992.4969,5.3738,Cubic,Fd-3m,227,m-3m,0.0,,,False,15.9981183,0.0,-2.583788470454546,-8.455965966363637,,,,,2025-09-23 22:47:32.630000+00:00,False
mp-13803,Nb2Hg2O7,Nb4 Hg4 O14,"Hg, Nb, O",10.561584,10.561584,10.561584,1178.1136,7.8817,Cubic,Fd-3m,227,m-3m,0.44399999999999906,1.496,1.052,False,0.0,0.003425043441557,-2.158362852272729,-7.199970233181819,,,,,2025-09-23 22:47:32.633000+00:00,False
mp-14145,Ca2Sb2O7,Ca4 Sb4 O14,"Ca, O, Sb",10.388654,10.388654,10.388654,1121.1865,5.162,Cubic,Fd-3m,227,m-3m,0.19160000000000002,5.163,4.9714,True,3.16e-05,0.442905334999992,-2.151542633636363,-6.415627113181818,,,,,2025-09-23 22:47:32.678000+00:00,False
mp-14026,Ca2Ta2O7,Ca4 Ta4 O14,"Ca, O, Ta",10.448801,10.448801,10.448801,1140.7734,6.4519,Cubic,Fd-3m,227,m-3m,2.2952,5.1143,2.8191,True,0.0,0.0007884234415430001,-3.482593376333331,-9.153573547272726,,,,,2025-09-23 22:47:32.659000+00:00,False
mp-15161,Tb2Ru2O7,Tb4 Ru4 O14,"O, Ru, Tb",10.180265,10.180265,10.180265,1055.0603,7.9574,Cubic,Fd-3m,227,m-3m,0.0,,,False,7.999758499999999,0.015515789886357002,-2.5896548243939392,-8.267860220909093,,,,,2025-09-23 22:47:32.699000+00:00,False
mp-15170,Lu2Sn2O7,Lu4 Sn4 O14,"Lu, O, Sn",10.265419,10.265419,10.265419,1081.7579,8.5882,Cubic,Fd-3m,227,m-3m,2.618299999999999,6.7455,4.1272,True,0.0,0.0,-3.02570395439394,-7.72554446818182,,,,,2025-09-23 22:47:32.701000+00:00,False
mp-14968,Dy2Ru2O7,Dy4 Ru4 O14,"Dy, O, Ru",10.150401,10.150401,10.150401,1045.8022,8.1186,Cubic,Fd-3m,227,m-3m,0.0,,,False,7.999821,0.019741070909086,-2.595822591666666,-8.27048469818182,,,,,2025-09-23 22:47:32.696000+00:00,False
mp-16152,Pr2Te2O7,Pr4 Te4 O14,"O, Pr, Te",11.031988,11.031988,11.031988,1342.6454,6.4214,Cubic,Fd-3m,227,m-3m,1.5419,6.8022,5.2603,False,2.9400000000000003e-05,0.130284349939387,-2.485600841969696,-7.077717363636363,,,,,2025-09-23 22:47:32.717000+00:00,False
mp-17064,Gd2Sn2O7,Gd4 Sn4 O14,"Gd, O, Sn",10.489179,10.489179,10.489179,1154.0497,7.6424,Cubic,Fd-3m,227,m-3m,0.0,,,False,28.0000013,0.0,-2.995185214545452,-9.432195689545454,,,,,2025-09-23 22:47:32.733000+00:00,False
mp-16783,Cd2Re2O7,Cd4 Re4 O14,"Cd, O, Re",10.383588,10.383588,10.383588,1119.547,8.4156,Cubic,Fd-3m,227,m-3m,0.0,,,False,2.3486241,0.04759167909091001,-1.7495187509090901,-7.336062008181818,,,,,2025-09-23 22:47:32.725000+00:00,False
mp-17113,Sm2Ru2O7,Sm4 Ru4 O14,"O, Ru, Sm",10.294035,10.294056,10.291332,1090.5455,7.4896,Cubic,Fd-3m,227,m-3m,0.0,,,False,0.0003146,0.008066826022725,-2.54245442181818,-8.235336638636362,,,,,2025-09-23 22:47:32.735000+00:00,False
mp-17114,Nd2Sn2O7,Nd4 Sn4 O14,"Nd, O, Sn",10.618708,10.618708,10.618708,1197.3334,7.0774,Cubic,Fd-3m,227,m-3m,2.6738,6.4393,3.7655000000000003,True,0.0,0.0,-2.97475702772727,-7.719408446818179,,,,,2025-09-23 22:47:32.736000+00:00,False
mp-18265,Y2Mo2O7,Y4 Mo4 O14,"Mo, O, Y",10.42348,10.42348,10.42348,1132.5,5.6502,Cubic,Fd-3m,227,m-3m,0.0,,,False,0.0002453,0.01300473181819,-2.9249034127272733,-9.229013435909092,,,,,2025-09-23 22:47:32.748000+00:00,False
mp-17619,Sc2Mn2O7,Sc4 Mn4 O14,"Mn, O, Sc",9.590533,9.590533,9.59053,882.1209,4.6953,Cubic,Fd-3m,227,m-3m,0.0,,,False,11.9999995,0.0,-2.805036003260187,-8.770917442272726,,,,,2025-09-23 22:47:32.744000+00:00,False
mp-18831,Y2Mn2O7,Y4 Mn4 O14,"Mn, O, Y",9.901337,9.901226,9.901282,970.6759,5.4699,Cubic,Fd-3m,227,m-3m,0.8710999999999991,3.5492,2.6781,False,12.0000007,0.0,-2.8683690523510963,-8.86636365409091,,,,,2025-09-23 22:47:32.768000+00:00,False
mp-19256,Er2Mn2O7,Er4 Mn4 O14,"Er, Mn, O",9.831149,9.831145,9.831145,950.1945,7.7787,Cubic,Fd-3m,227,m-3m,1.1678,3.7054,2.5376000000000003,False,12.0000007,0.0,-2.915723314623823,-8.560741063636364,,,,,2025-09-23 22:47:32.786000+00:00,False
mp-19153,Lu2Mn2O7,Lu4 Mn4 O14,"Lu, Mn, O",9.750954,9.750954,9.750954,927.1315,8.1931,Cubic,Fd-3m,227,m-3m,1.112099999999999,3.7066,2.5945,False,12.0000001,0.0,-2.938114664017765,-8.574763075454547,,,,,2025-09-23 22:47:32.781000+00:00,False
mp-19200,Tb2Mo2O7,Tb4 Mo4 O14,"Mo, O, Tb",10.286795,10.286795,10.286795,1088.5295,7.5875,Cubic,Fd-3m,227,m-3m,0.0,,,False,7.9999999,0.0018348953409020002,-2.910913877121213,-8.874800650000001,,,,,2025-09-23 22:47:32.784000+00:00,False
mp-19036,Tm2V2O7,Tm4 V4 O14,"O, Tm, V",9.909127,9.909127,9.909127,972.9852,7.5331,Cubic,Fd-3m,227,m-3m,0.0,,,False,3.9999997,0.0035868231818190002,-3.259915154545456,-8.875237166818183,,,,,2025-09-23 22:47:32.777000+00:00,False
mp-20643,Y2Ru2O7,Y4 Ru4 O14,"O, Ru, Y",10.262052,10.262052,10.262052,1080.6937,6.0472,Cubic,Fd-3m,227,m-3m,0.0,,,False,2.1339802,0.030400234886359002,-2.561902583636363,-8.580331230454545,,,,,2025-09-23 22:47:32.825000+00:00,False
mp-19930,Nd2Ru2O7,Nd4 Ru4 O14,"Nd, O, Ru",10.380451,10.380409,10.377849,1118.2477,7.1589,Cubic,Fd-3m,227,m-3m,0.0,,,False,0.0005702999999990001,0.006786222803025,-2.507212133181818,-8.209105495000001,,,,,2025-09-23 22:47:32.807000+00:00,False
mp-20406,Lu2V2O7,Lu4 V4 O14,"Lu, O, V",9.860841,9.861435,9.861346,958.9373,7.8103,Cubic,Fd-3m,227,m-3m,1.1751,4.2168,3.0417,False,3.9999995,0.002963044431815,-3.262010215303032,-8.884456950000002,,,,,2025-09-23 22:47:32.820000+00:00,False
mp-19784,In2Si2O7,In4 Si4 O14,"In, O, Si",9.546868,9.546868,9.546868,870.1272,6.0733,Cubic,Fd-3m,227,m-3m,1.809899999999999,8.9217,7.1118,False,0.0007077,0.13430547712121302,-2.557269523030302,-7.194061394090909,"{'voigt': 230.416, 'reuss': 230.416, 'vrh': 230.416}","{'voigt': 96.378, 'reuss': 87.477, 'vrh': 91.928}",0.324,,2025-09-23 22:47:32.803000+00:00,False
mp-20845,Dy2Sn2O7,Dy4 Sn4 O14,"Dy, O, Sn",10.393585,10.393585,10.393585,1122.7837,7.9794,Cubic,Fd-3m,227,m-3m,2.7123,6.7579,4.0456,True,0.0,0.0,-3.027287646212119,-7.7447078099999995,,,,,2025-09-23 22:47:32.830000+00:00,False
mp-22089,Hg2Os2O7,Hg4 Os4 O14,"Hg, O, Os",10.400676,10.400676,10.400676,1125.0834,10.5515,Cubic,Fd-3m,227,m-3m,0.0,,,False,0.0737714,0.036020415227267004,-1.18980214,-6.436148137272727,,,,,2025-09-23 22:47:32.854000+00:00,False
mp-20863,Sb2Pt2O7,Sb4 Pt4 O14,"O, Pt, Sb",10.405898,10.405898,10.405898,1126.7789,8.7913,Cubic,Fd-3m,227,m-3m,0.557299999999999,6.9794,6.4221,False,0.00047139999999900006,0.147805285227277,-1.244711454545453,-6.247983832272727,,,,,2025-09-23 22:47:32.833000+00:00,False
mp-22354,Mn2Tl2O7,Mn4 Tl4 O14,"Mn, O, Tl",9.910606,9.910606,9.910606,973.4209,8.6063,Cubic,Fd-3m,227,m-3m,0.0,,,False,11.9963067,0.0012829530303020001,-1.493021963411704,-6.738722131818181,,,,,2025-09-23 22:47:32.866000+00:00,False
mp-22094,Tl2Ru2O7,Tl4 Ru4 O14,"O, Ru, Tl",10.241523,10.241448,10.241017,1074.16,8.9391,Cubic,Fd-3m,227,m-3m,0.0,,,False,7.9999969,0.0,-1.304436474696969,-6.570570688181817,,,,,2025-09-23 22:47:32.855000+00:00,False
mp-23445,Bi2Ru2O7,Bi4 Ru4 O14,"Bi, O, Ru",10.281089,10.281089,10.281089,1086.7192,8.9493,Cubic,Fd-3m,227,m-3m,0.0,,,False,0.0,0.0,-1.553611266818189,-7.095847697272735,"{'voigt': 178.102, 'reuss': 178.102, 'vrh': 178.102}","{'voigt': 94.923, 'reuss': 94.374, 'vrh': 94.649}",0.274,,2025-09-23 22:47:32.899000+00:00,False
mp-23341,Bi2Pt2O7,Bi4 Pt4 O14,"Bi, O, Pt",10.425413,10.425413,10.425413,1133.1302,10.7871,Cubic,Fd-3m,227,m-3m,0.7805000000000001,6.3759,5.5954,False,0.0,0.0,-1.330811493636362,-6.290635338636362,"{'voigt': 179.413, 'reuss': 179.413, 'vrh': 179.413}","{'voigt': 76.633, 'reuss': 75.518, 'vrh': 76.076}",0.314,,2025-09-23 22:47:32.894000+00:00,False
mp-23372,Sn2Bi2O7,Sn4 Bi4 O14,"Bi, O, Sn",10.622041,10.622041,10.622041,1198.4609,8.506,Cubic,Fd-3m,227,m-3m,2.7114000000000003,7.9869,5.2755,False,0.0,0.011598118257579,-1.924906653181814,-6.509901140909087,,,,,2025-09-23 22:47:32.897000+00:00,False
mp-2763860,Y2Cr2O7,Y4 Cr4 O14,"Cr, O, Y",9.934335,9.934495,9.932062,980.2211,5.3381,Cubic,Fd-3m,227,m-3m,0.0,,,False,8.0000003,0.026334073863646,-2.984606450568183,-13.219299383181818,,,,,2025-09-23 22:47:32.909000+00:00,False
mp-2883,Sm2Sn2O7,Sm4 Sn4 O14,"O, Sm, Sn",10.534603,10.534603,10.534603,1169.1076,7.3874,Cubic,Fd-3m,227,m-3m,2.7353,6.4282,3.6929,True,0.0,0.0,-2.999128691818181,-7.734768965909091,,,,,2025-09-23 22:47:32.920000+00:00,False
mp-30902,Er2Ru2O7,Er4 Ru4 O14,"Er, O, Ru",10.164404,10.164404,10.164404,1050.1365,8.2055,Cubic,Fd-3m,227,m-3m,0.0,,,False,8.007723,0.032431834545450004,-2.6067901540909073,-8.272241948181817,,,,,2025-09-23 22:47:32.938000+00:00,False
mp-30889,Ho2Ru2O7,Ho4 Ru4 O14,"Ho, O, Ru",10.21348,10.21348,10.21348,1065.4209,8.0297,Cubic,Fd-3m,227,m-3m,0.0,,,False,2.1411623,0.032998230795451,-2.5927989159090883,-8.26369810181818,,,,,2025-09-23 22:47:32.936000+00:00,False
mp-3200,Lu2Ti2O7,Lu4 Ti4 O14,"Lu, O, Ti",10.043122,10.043122,10.043122,1012.9925,7.3132,Cubic,Fd-3m,227,m-3m,2.508,5.4431,2.9351000000000003,False,5.0600000000000003e-05,0.023670761818186004,-3.782793325454544,-9.189164777727273,,,,,2025-09-23 22:47:32.948000+00:00,False
mp-3335,Sm2Ti2O7,Sm4 Ti4 O14,"O, Sm, Ti",10.241055,10.241055,10.241055,1074.0736,6.2886,Cubic,Fd-3m,227,m-3m,2.7306,5.3597,2.6291,False,0.0,0.011980593636367,-3.725298062424243,-9.167469275,,,,,2025-09-23 22:47:33.131000+00:00,False
mp-3334,Tm2Sn2O7,Tm4 Sn4 O14,"O, Sn, Tm",10.309678,10.309678,10.309678,1095.8101,8.3318,Cubic,Fd-3m,227,m-3m,2.6576,6.7461,4.0885,True,0.0,0.0,-3.032940869545466,-7.725656660909101,,,,,2025-09-23 22:47:33.129000+00:00,False
mp-33803,Nd2Mo2O7,Nd4 Mo4 O14,"Mo, Nd, O",10.484497,10.484497,10.484497,1152.5049,6.8281,Cubic,Fd-3m,227,m-3m,0.0,,,False,8.0000001,0.046014805454545005,-2.857075176363636,-8.844649914545455,,,,,2025-09-23 22:47:33.137000+00:00,False
mp-33658,Nb2Tl2O7,Nb4 Tl4 O14,"Nb, O, Tl",10.77398,10.77398,10.77398,1250.629,7.5053,Cubic,Fd-3m,227,m-3m,0.0,,,False,4.9400000000000015e-05,0.028540367678566003,-2.302056036969698,-7.7185361595454545,,,,,2025-09-23 22:47:33.134000+00:00,False
mp-3370,Y2Sn2O7,Y4 Sn4 O14,"O, Sn, Y",10.403805,10.403805,10.403805,1126.0992,6.2196,Cubic,Fd-3m,227,m-3m,2.750099999999999,6.8505,4.1004,True,0.0,0.0,-3.005540767272727,-8.066727471363636,"{'voigt': 164.271, 'reuss': 164.271, 'vrh': 164.271}","{'voigt': 91.77, 'reuss': 91.126, 'vrh': 91.448}",0.265,,2025-09-23 22:47:33.135000+00:00,False
mp-34322,Dy2Ti2O7,Dy4 Ti4 O14,"Dy, O, Ti",10.094469,10.094469,10.094469,1028.6092,6.8801,Cubic,Fd-3m,227,m-3m,2.7262999999999993,5.6441,2.9178,False,0.0,0.009325387045519001,-3.77932238863643,-9.203273490909158,,,,,2025-09-23 22:47:33.146000+00:00,False
mp-3430,Pr2Ru2O7,Pr4 Ru4 O14,"O, Pr, Ru",10.522452,10.522452,10.522452,1165.0669,6.7951,Cubic,Fd-3m,227,m-3m,0.0,,,False,2.1017095,0.042482460045460003,-2.480425498484847,-8.187286864999999,,,,,2025-09-23 22:47:33.144000+00:00,False
mp-33948,Ho2Ti2O7,Ho4 Ti4 O14,"Ho, O, Ti",10.065865,10.065865,10.065865,1019.89,7.0022,Cubic,Fd-3m,227,m-3m,2.7208,5.5978,2.8770000000000002,False,0.0,0.009325797500066001,-3.781774462878852,-9.20196264454552,,,,,2025-09-23 22:47:33.139000+00:00,False
mp-35249,Sm2Hf2O7,Sm4 Hf4 O14,"Hf, O, Sm",10.558342,10.558342,10.558342,1177.0291,8.687,Cubic,Fd-3m,227,m-3m,3.8433,6.0788,2.2355,False,0.0,0.0,-3.9977812672727273,-9.814806482272727,,,,,2025-09-23 22:47:33.155000+00:00,False
mp-3688,Er2Sn2O7,Er4 Sn4 O14,"Er, O, Sn",10.337172,10.337172,10.337172,1104.6006,8.2252,Cubic,Fd-3m,227,m-3m,2.6825,6.7524,4.0699,True,0.0,0.0,-3.030940987272725,-7.7391508386363626,,,,,2025-09-23 22:47:33.171000+00:00,False
mp-3611,Dy2Hf2O7,Dy4 Hf4 O14,"Dy, Hf, O",10.418046,10.418046,10.418046,1130.7297,9.328,Cubic,Fd-3m,227,m-3m,3.2281,5.6059,2.3778,False,0.0,0.000675435454541,-4.012424123030301,-9.811229227727273,,,,,2025-09-23 22:47:33.163000+00:00,False
mp-3593,Ta2Sn2O7,Ta4 Sn4 O14,"O, Sn, Ta",10.728524,10.728524,10.728524,1234.8663,7.6521,Cubic,Fd-3m,227,m-3m,1.4862,6.6566,5.1704,False,8.43e-05,0.077949890000006,-2.659286476333332,-8.694625188181819,,,,,2025-09-23 22:47:33.160000+00:00,False
mp-34910,Nd2Sn2O7,Nd4 Sn4 O14,"Nd, O, Sn",10.733992,10.733992,10.733992,1236.7554,6.8518,Cubic,Fd-3m,227,m-3m,0.0,,,False,0.001491,0.5717397177272701,-2.403017309999998,-7.147668729090909,,,,,2025-09-23 22:47:33.152000+00:00,False
mp-38418,Tm2Ti2O7,Tm4 Ti4 O14,"O, Ti, Tm",10.08458,10.08458,10.08458,1025.5892,7.0671,Cubic,Fd-3m,227,m-3m,2.6252999999999993,5.5439,2.9186,False,0.0002743,0.021351836136432,-3.7852587137878793,-9.184505443636363,,,,,2025-09-23 22:47:33.179000+00:00,False
mp-4155,Ca2Nb2O7,Ca4 Nb4 O14,"Ca, Nb, O",10.583422,10.583422,10.583422,1185.4366,4.2356,Cubic,Fd-3m,227,m-3m,1.44,4.0266,2.5866,True,7.390000000000003e-05,0.041461221136364,-3.25606345590909,-8.606021353636363,,,,,2025-09-23 22:47:33.198000+00:00,False
mp-3884,Ho2Sn2O7,Ho4 Sn4 O14,"Ho, O, Sn",10.367836,10.367836,10.367836,1114.4596,8.0969,Cubic,Fd-3m,227,m-3m,2.7013,6.7299,4.0286,True,0.0,0.0,-3.027425837727271,-7.7410830809090925,,,,,2025-09-23 22:47:33.185000+00:00,False
mp-4086,La2Sn2O7,La4 Sn4 O14,"La, O, Sn",10.728399,10.728399,10.728399,1234.8231,6.7477,Cubic,Fd-3m,227,m-3m,2.664499999999999,8.248,5.5835,True,0.0,0.0,-3.0172737977272712,-7.792445157272726,,,,,2025-09-23 22:47:33.194000+00:00,False
mp-4394,Pr2Sn2O7,Pr4 Sn4 O14,"O, Pr, Sn",10.669601,10.669601,10.669601,1214.6313,6.9037,Cubic,Fd-3m,227,m-3m,2.6358,6.3996,3.7638,True,0.0,0.0,-2.955287218030299,-7.704906641818178,,,,,2025-09-23 22:47:33.208000+00:00,False
mp-4423,La2Ti2O7,La4 Ti4 O14,"La, O, Ti",10.48702,10.48702,10.48702,1153.3372,5.5925,Cubic,Fd-3m,227,m-3m,2.746600000000001,7.5951,4.8485,True,0.0009509999999990001,0.050363342045455006,-3.733646127424242,-9.215348425454545,,,,,2025-09-23 22:47:33.213000+00:00,False
mp-4408,Sm2Zr2O7,Sm4 Zr4 O14,"O, Sm, Zr",10.623207,10.623207,10.623207,1198.8559,6.5949,Cubic,Fd-3m,227,m-3m,3.0741,5.1798,2.1057,True,0.0,0.0,-3.85569428090909,-9.416448877727271,"{'voigt': 162.119, 'reuss': 162.119, 'vrh': 162.119}","{'voigt': 87.525, 'reuss': 87.422, 'vrh': 87.474}",0.271,,2025-09-23 22:47:33.210000+00:00,False
mp-4602,Tb2Ti2O7,Tb4 Ti4 O14,"O, Tb, Ti",10.123535,10.123535,10.123535,1037.5203,6.7295,Cubic,Fd-3m,227,m-3m,2.7256,5.6455,2.9199,False,0.0,0.010504636590976,-3.775055662045519,-9.202550054318246,,,,,2025-09-23 22:47:33.216000+00:00,False
mp-4974,La2Zr2O7,La4 Zr4 O14,"La, O, Zr",10.807019,10.807019,10.807019,1262.1697,6.023,Cubic,Fd-3m,227,m-3m,3.7346,7.6726,3.938,True,0.0,0.0,-3.9093342250000003,-9.509619907272727,,,,,2025-09-23 22:47:33.225000+00:00,False
mp-4991,Tb2Sn2O7,Tb4 Sn4 O14,"O, Sn, Tb",10.422281,10.422281,10.422281,1132.1093,7.8298,Cubic,Fd-3m,227,m-3m,2.7218,6.7547,4.0329,True,0.0,0.0,-3.026676199848483,-7.747639653636363,"{'voigt': 166.521, 'reuss': 166.521, 'vrh': 166.521}","{'voigt': 92.094, 'reuss': 91.617, 'vrh': 91.856}",0.267,,2025-09-23 22:47:33.229000+00:00,False
mp-505216,Gd2Ru2O7,Gd4 Ru4 O14,"Gd, O, Ru",10.241614,10.241299,10.236698,1073.701,7.7791,Cubic,Fd-3m,227,m-3m,0.0,,,False,28.0243788,0.016515274545449002,-2.5492147572727273,-9.943467175,,,,,2025-09-23 22:47:33.250000+00:00,False
mp-505552,Cd2Ru2O7,Cd4 Ru4 O14,"Cd, O, Ru",10.146941,10.147132,10.156391,1045.7259,6.8465,Cubic,Fd-3m,227,m-3m,0.0,,,False,0.000253099999999,0.0,-1.4011993481818181,-6.410704120454546,,,,,2025-09-23 22:47:33.259000+00:00,False
mp-505306,Eu2Sn2O7,Eu4 Sn4 O14,"Eu, O, Sn",10.530793,10.530793,10.530793,1167.8395,7.4319,Cubic,Fd-3m,227,m-3m,0.0,,,False,24.0016602,0.045035065454543007,-2.6704880995454543,-8.418769424545454,,,,,2025-09-23 22:47:33.251000+00:00,False
mp-505751,Mn2In2O7,Mn4 In4 O14,"In, Mn, O",9.729318,9.729324,9.729325,920.9748,6.5127,Cubic,Fd-3m,227,m-3m,1.048599999999999,6.1647,5.1161,False,11.9707875,0.00014055848484300002,-1.9003598490177631,-7.216551222272727,,,,,2025-09-23 22:47:33.271000+00:00,False
mp-505801,Eu2Ti2O7,Eu4 Ti4 O14,"Eu, O, Ti",10.225231,10.225216,10.223515,1068.9215,6.3586,Cubic,Fd-3m,227,m-3m,0.0,,,False,0.0001174,0.07029339181818,-3.409178926060606,-9.863991189545454,,,,,2025-09-23 22:47:33.274000+00:00,False
mp-5373,Y2Ti2O7,Y4 Ti4 O14,"O, Ti, Y",10.101839,10.101839,10.101839,1030.864,4.9683,Cubic,Fd-3m,227,m-3m,2.7208,5.7125,2.9917,False,0.0,0.010947579090913,-3.74501564060606,-9.512733283181818,"{'voigt': 186.139, 'reuss': 186.139, 'vrh': 186.139}","{'voigt': 98.698, 'reuss': 98.146, 'vrh': 98.422}",0.275,,2025-09-23 22:47:33.286000+00:00,False
mp-510605,Gd2Zr2O7,Gd4 Zr4 O14,"Gd, O, Zr",10.543464,10.543464,10.543464,1172.0603,6.9019,Cubic,Fd-3m,227,m-3m,0.0,,,False,28.0010583,0.27279957409090905,-3.577997288636364,-10.840122086363637,,,,,2025-09-23 22:47:33.276000+00:00,False
mp-5302,Gd2Ti2O7,Gd4 Ti4 O14,"Gd, O, Ti",10.186822,10.186822,10.186822,1057.1003,6.5627,Cubic,Fd-3m,227,m-3m,0.0,,,False,28.0000004,0.010444198863641,-3.73057191742424,-10.87411333090909,"{'voigt': 183.909, 'reuss': 183.909, 'vrh': 183.909}","{'voigt': 95.85, 'reuss': 95.693, 'vrh': 95.771}",0.278,,2025-09-23 22:47:33.284000+00:00,False
mp-555716,Tm2Ru2O7,Tm4 Ru4 O14,"O, Ru, Tm",10.13196,10.13196,10.13196,1040.1127,8.3274,Cubic,Fd-3m,227,m-3m,0.0,,,False,2.1244998,0.043792458863631006,-2.610419896363638,-8.260377630454546,,,,,2025-09-23 22:47:33.325000+00:00,False
mp-554770,Sm2Mo2O7,Sm4 Mo4 O14,"Mo, O, Sm",10.401891,10.401891,10.401891,1125.4776,7.1362,Cubic,Fd-3m,227,m-3m,0.0,,,False,8.0,0.0,-2.8820770345454623,-8.86064062772728,,,,,2025-09-23 22:47:33.319000+00:00,False
mp-554545,Bi2Os2O7,Bi4 Os4 O14,"Bi, O, Os",10.359517,10.359517,10.359517,1111.7791,10.8783,Cubic,Fd-3m,227,m-3m,0.0,6.4013,6.4359,False,0.0,0.0,-1.486731913636363,-7.384052869545454,,,,,2025-09-23 22:47:33.316000+00:00,False
mp-554082,Ho2Hf2O7,Ho4 Hf4 O14,"Hf, Ho, O",10.391894,10.391894,10.391894,1122.2358,9.4561,Cubic,Fd-3m,227,m-3m,3.1157,5.4705,2.3548,False,0.0,0.013828901249993001,-4.009504141363635,-9.804546325454545,,,,,2025-09-23 22:47:33.312000+00:00,False
mp-5548,Ta2Cd2O7,Ta4 Cd4 O14,"Cd, O, Ta",10.40946,10.40946,10.40946,1127.9362,8.2291,Cubic,Fd-3m,227,m-3m,2.0269,3.1128,1.0859,False,0.0,0.0,-2.681269108606061,-8.16214206318182,"{'voigt': 155.679, 'reuss': 155.679, 'vrh': 155.679}","{'voigt': 84.237, 'reuss': 83.888, 'vrh': 84.063}",0.271,,2025-09-23 22:47:33.322000+00:00,False
mp-557684,Er2V2O7,Er4 V4 O14,"Er, O, V",9.939641,9.939641,9.939641,982.0015,7.4186,Cubic,Fd-3m,227,m-3m,0.0,,,False,3.999999899999999,0.00636384477273,-3.250776504545453,-8.88159257681818,,,,,2025-09-23 22:47:33.335000+00:00,False
mp-556524,Nb2Sn2O7,Nb4 Sn4 O14,"Nb, O, Sn",10.76059,10.76059,10.76059,1245.9719,5.7065,Cubic,Fd-3m,227,m-3m,0.9544,5.7632,4.8088,False,0.0002726,0.086500161818213,-2.456659464090909,-8.170975902727273,,,,,2025-09-23 22:47:33.331000+00:00,False
mp-555225,Bi2Rh2O7,Bi4 Rh4 O14,"Bi, O, Rh",10.271345,10.271311,10.271205,1083.614,9.02,Cubic,Fd-3m,227,m-3m,0.0,,,False,2.7000000000000002e-05,0.0,-1.458941563636362,-6.653888054090908,,,,,2025-09-23 22:47:33.324000+00:00,False
mp-555785,Nd2Ti2O7,Nd4 Ti4 O14,"Nd, O, Ti",10.303253,10.303253,10.303255,1093.7628,6.0268,Cubic,Fd-3m,227,m-3m,2.7444,5.5076,2.7632,True,7e-07,0.040158393181819005,-3.690813383333332,-9.14199574090909,,,,,2025-09-23 22:47:33.327000+00:00,False
mp-557453,La2Zr2O7,La4 Zr4 O14,"La, O, Zr",10.750772,10.750772,10.750772,1242.5645,6.118,Cubic,Fd-3m,227,m-3m,0.064399999999999,5.0463,4.9818999999999996,True,0.0007249,0.38280247909090903,-3.5265317459090912,-9.126817428181818,,,,,2025-09-23 22:47:33.332000+00:00,False
mp-5472,Nb2Cd2O7,Nb4 Cd4 O14,"Cd, Nb, O",10.464315,10.464315,10.464315,1145.8624,6.059,Cubic,Fd-3m,227,m-3m,1.883899999999999,2.7678000000000003,0.8839,False,0.0,0.009730617045454,-2.4543342922727263,-7.614184973636363,,,,,2025-09-23 22:47:33.309000+00:00,False
mp-554235,La2Hf2O7,La4 Hf4 O14,"Hf, La, O",10.666588,10.666588,10.666588,1213.6028,8.1745,Cubic,Fd-3m,227,m-3m,0.0,,,False,0.0001724,0.447976244545472,-3.594200769090909,-9.450757069545453,,,,,2025-09-23 22:47:33.313000+00:00,False
mp-554638,Ca2Ru2O7,Ca4 Ru4 O14,"Ca, O, Ru",10.23772,10.23772,10.23772,1073.0247,4.8814,Cubic,Fd-3m,227,m-3m,0.0,,,False,12.0962012,0.0,-2.163831028181818,-7.363443016818182,,,,,2025-09-23 22:47:33.318000+00:00,False
mp-558392,Bi2Ir2O7,Bi4 Ir4 O14,"Bi, Ir, O",10.34491,10.34491,10.34491,1107.083,10.9721,Cubic,Fd-3m,227,m-3m,0.0,,,False,6.4e-06,0.0,-1.46893560636364,-6.93190506227273,,,,,2025-09-23 22:47:33.349000+00:00,False
mp-558448,Pr2Ir2O7,Pr4 Ir4 O14,"Ir, O, Pr",10.460789,10.460789,10.460786,1144.7039,9.0316,Cubic,Fd-3m,227,m-3m,0.0,,,False,3.9906612999999993,0.0,-2.404353863939392,-8.03194825590909,,,,,2025-09-23 22:47:33.352000+00:00,False
mp-557890,Er2Hf2O7,Er4 Hf4 O14,"Er, Hf, O",10.453704,10.453704,10.453704,1142.38,9.3435,Cubic,Fd-3m,227,m-3m,3.1401,5.4854,2.3453,False,0.0028059,0.026654398636356002,-4.01010348590909,-9.799698278181818,,,,,2025-09-23 22:47:33.341000+00:00,False
mp-557806,Er2Tc2O7,Er4 Tc4 O14,"Er, O, Tc",10.262936,10.262936,10.262936,1080.973,7.896,Cubic,Fd-3m,227,m-3m,0.0,,,False,1.5483353,0.11772300999999301,-2.753700506363636,-8.616649828636364,,,,,2025-09-23 22:47:33.338000+00:00,False
mp-557903,Lu2Ru2O7,Lu4 Ru4 O14,"Lu, O, Ru",10.090024,10.090024,10.090024,1027.2511,8.5877,Cubic,Fd-3m,227,m-3m,0.0,,,False,7.9956648999999995,0.051078620568176004,-2.61845676530303,-8.275539221818182,,,,,2025-09-23 22:47:33.343000+00:00,False
mp-559482,Ti2Bi2O7,Ti4 Bi4 O14,"Bi, O, Ti",10.413096,10.413096,10.413096,1129.1187,7.3614,Cubic,Fd-3m,227,m-3m,2.6747,6.9019,4.2272,True,0.0006774,0.046591997954545,-2.634991118333333,-7.9265165445454535,,,,,2025-09-23 22:47:33.362000+00:00,False
mp-559426,Pr2Zr2O7,Pr4 Zr4 O14,"O, Pr, Zr",10.753767,10.753767,10.753767,1243.6032,6.1557,Cubic,Fd-3m,227,m-3m,3.462099999999999,5.6061,2.144,True,0.0,0.0,-3.829410627575757,-9.404144374090908,,,,,2025-09-23 22:47:33.360000+00:00,False
mp-560329,Ce2Zr2O7,Ce4 Zr4 O14,"Ce, O, Zr",10.74178,10.74437,10.742068,1239.7814,6.1564,Cubic,Fd-3m,227,m-3m,0.0,,,False,4.0,0.0,-3.813959809090908,-9.596235085,,,,,2025-09-23 22:47:33.367000+00:00,False
mp-558131,Sm2Tc2O7,Sm4 Tc4 O14,"O, Sm, Tc",10.365986,10.365986,10.365986,1113.8631,7.2598,Cubic,Fd-3m,227,m-3m,0.0,,,False,12.0,0.004162937386359001,-2.778559838181817,-8.668939583181817,,,,,2025-09-23 22:47:33.347000+00:00,False
mp-557697,Hg2Sb2O7,Hg4 Sb4 O14,"Hg, O, Sb",10.406562,10.406562,10.406562,1126.9946,8.9195,Cubic,Fd-3m,227,m-3m,0.0,,,False,2.29e-05,0.0,-1.467053617727276,-5.422787580454548,,,,,2025-09-23 22:47:33.337000+00:00,False
mp-558411,Y2Zr2O7,Y4 Zr4 O14,"O, Y, Zr",10.60823,10.60823,10.60823,1193.7923,5.2552,Cubic,Fd-3m,227,m-3m,2.8224,5.0713,2.2489,False,0.000237,0.059569627045453,-3.841946783636363,-9.728247810454546,"{'voigt': 161.026, 'reuss': 161.026, 'vrh': 161.026}","{'voigt': 87.222, 'reuss': 86.469, 'vrh': 86.846}",0.271,,2025-09-23 22:47:33.351000+00:00,False
mp-558960,Dy2Tc2O7,Dy4 Tc4 O14,"Dy, O, Tc",10.31697,10.31697,10.31697,1098.1369,7.6574,Cubic,Fd-3m,227,m-3m,0.0,,,False,11.9975366,0.024120400454540003,-2.823644789848484,-8.695804424545456,,,,,2025-09-23 22:47:33.354000+00:00,False
mp-561167,Nd2Zr2O7,Nd4 Zr4 O14,"Nd, O, Zr",10.686436,10.686436,10.686436,1220.3901,6.3453,Cubic,Fd-3m,227,m-3m,0.0,,,False,0.00024019999999900002,0.366412884545452,-3.47594355590909,-9.045709297727273,,,,,2025-09-23 22:47:33.373000+00:00,False
mp-561442,Y2Hf2O7,Y4 Hf4 O14,"Hf, O, Y",10.429288,10.429288,10.429288,1134.3942,7.5742,Cubic,Fd-3m,227,m-3m,3.4628,5.8773,2.4145,False,0.0,0.000279715795446,-3.989558998636363,-10.132130643636366,"{'voigt': 169.817, 'reuss': 169.817, 'vrh': 169.817}","{'voigt': 95.937, 'reuss': 95.519, 'vrh': 95.728}",0.263,,2025-09-23 22:47:33.374000+00:00,False
mp-642754,Gd2Mo2O7,Gd4 Mo4 O14,"Gd, Mo, O",10.350879,10.350879,10.350879,1109.0005,7.4073,Cubic,Fd-3m,227,m-3m,0.0,,,False,35.9999994,0.0,-2.879818378636373,-10.559752172727283,,,,,2025-09-23 22:47:33.445000+00:00,False
mp-5950,Cd2Os2O7,Cd4 Os4 O14,"Cd, O, Os",10.308836,10.308836,10.308836,1095.5416,8.6976,Cubic,Fd-3m,227,m-3m,0.0,,,False,0.4843844,0.0,-1.462361143636362,-6.8269504413636355,,,,,2025-09-23 22:47:33.418000+00:00,False
mp-5889,Er2Ti2O7,Er4 Ti4 O14,"Er, O, Ti",10.036078,10.036078,10.036078,1010.8625,7.126,Cubic,Fd-3m,227,m-3m,2.6986,5.6143,2.9157,False,0.0,0.013926795000006001,-3.779598183333331,-9.194338973181816,"{'voigt': 193.302, 'reuss': 193.302, 'vrh': 193.302}","{'voigt': 102.711, 'reuss': 101.975, 'vrh': 102.343}",0.275,,2025-09-23 22:47:33.415000+00:00,False
mp-641683,Eu2Ir2O7,Eu4 Ir4 O14,"Eu, Ir, O",10.335432,10.335742,10.334586,1103.9854,9.6284,Cubic,Fd-3m,227,m-3m,0.0,,,False,12.8225365,0.039831681363628,-2.213915576363638,-8.840171869545456,,,,,2025-09-23 22:47:33.444000+00:00,False
mp-637431,Eu2Ru2O7,Eu4 Ru4 O14,"Eu, O, Ru",10.31795,10.291056,10.317601,1095.5497,7.4706,Cubic,Fd-3m,227,m-3m,0.0,,,False,24.542832,0.08668150318180601,-2.274394330909098,-8.979917598636371,,,,,2025-09-23 22:47:33.430000+00:00,False
mp-5977,Nd2Zr2O7,Nd4 Zr4 O14,"Nd, O, Zr",10.703899,10.703899,10.703899,1226.3825,6.3143,Cubic,Fd-3m,227,m-3m,3.3281,5.4417,2.1136,True,0.0,0.0,-3.842356440454542,-9.412122182272725,"{'voigt': 158.964, 'reuss': 158.964, 'vrh': 158.964}","{'voigt': 86.088, 'reuss': 86.082, 'vrh': 86.085}",0.271,,2025-09-23 22:47:33.420000+00:00,False
mp-642779,Y2V2O7,Y4 V4 O14,"O, V, Y",10.158118,10.158118,10.158118,1048.1894,4.9641,Cubic,Fd-3m,227,m-3m,0.0,,,False,4.0020534,0.6698076159090911,-2.551384602272727,-8.535177527272728,,,,,2025-09-23 22:47:33.447000+00:00,False
mp-647999,Nb2Cd2O7,Nb4 Cd4 O14,"Cd, Nb, O",10.263586,10.263586,10.263586,1081.1784,6.4215,Cubic,Fd-3m,227,m-3m,1.7069,4.2709,2.564,False,2.899999999999999e-06,0.276727237954545,-2.187337671363635,-7.347188352727272,,,,,2025-09-23 22:47:33.470000+00:00,False
mp-642783,Lu2V2O7,Lu4 V4 O14,"Lu, O, V",10.023326,10.023326,10.023326,1007.0141,7.4377,Cubic,Fd-3m,227,m-3m,0.0,,,False,3.998798,0.598421848068181,-2.666551411666666,-8.288998146363637,,,,,2025-09-23 22:47:33.449000+00:00,False
mp-642787,Y2V2O7,Y4 V4 O14,"O, V, Y",10.007077,10.007077,10.007076,1002.1246,5.1923,Cubic,Fd-3m,227,m-3m,0.0,,,False,4.0000002,0.011973221363637002,-3.209218996818181,-9.193011921818181,,,,,2025-09-23 22:47:33.450000+00:00,False
mp-642823,Dy2V2O7,Dy4 V4 O14,"Dy, O, V",10.001662,10.001662,10.001662,1000.4988,7.1551,Cubic,Fd-3m,227,m-3m,0.0,,,False,4.0000002,0.013291790909089002,-3.235672241666665,-8.875698626363636,,,,,2025-09-23 22:47:33.453000+00:00,False
mp-647520,Sb2Pb2O7,Sb4 Pb4 O14,"O, Pb, Sb",10.85601,10.85601,10.85601,1279.4128,7.9941,Cubic,Fd-3m,227,m-3m,0.0,,,False,0.5000275,0.086050969914768,-1.736012202272726,-6.310468898181818,,,,,2025-09-23 22:47:33.467000+00:00,False
mp-647374,Sb2Pb2O7,Sb4 Pb4 O14,"O, Pb, Sb",10.740308,10.740308,10.740308,1238.9398,8.2553,Cubic,Fd-3m,227,m-3m,0.0,,,False,0.000243,0.44402094627840405,-1.3780422259090899,-5.952498921818182,,,,,2025-09-23 22:47:33.465000+00:00,False
mp-685944,Eu2Zr2O7,Eu4 Zr4 O14,"Eu, O, Zr",10.621376,10.621485,10.621444,1198.256,6.63,Cubic,Fd-3m,227,m-3m,0.0,,,False,23.9999998,0.116308565454541,-3.529834099545454,-10.103229747272726,,,,,2025-09-23 22:47:33.491000+00:00,False
mp-752411,Tm2Pb2O7,Tm4 Pb4 O14,"O, Pb, Tm",10.68562,10.68562,10.68562,1220.1105,9.4099,Cubic,Fd-3m,227,m-3m,1.1489,4.8353,3.6864,True,0.0005898,0.021082372954546003,-2.546940055,-7.185669521818181,,,,,2025-09-23 22:47:33.535000+00:00,False
mp-752400,Ce2Sm2O7,Ce4 Sm4 O14,"Ce, O, Sm",11.04102,11.04102,11.04102,1345.9459,6.8393,Cubic,Fd-3m,227,m-3m,2.0326,5.2123,3.1797,True,0.0002822,0.080746642840908,-3.816782404090908,-8.902855044545454,,,,,2025-09-23 22:47:33.534000+00:00,False
mp-752849,Y2Pb2O7,Y4 Pb4 O14,"O, Pb, Y",10.672173,10.672173,10.672173,1215.5101,7.6963,Cubic,Fd-3m,227,m-3m,0.998699999999999,4.7108,3.7121,True,0.0,0.0,-2.52819351772727,-7.535393897272725,"{'voigt': 139.254, 'reuss': 139.254, 'vrh': 139.254}","{'voigt': 71.445, 'reuss': 69.905, 'vrh': 70.675}",0.28300000000000003,,2025-09-23 22:47:33.541000+00:00,False
mp-753414,Lu2Pt2O7,Lu4 Pt4 O14,"Lu, O, Pt",10.044337,10.044337,10.044337,1013.3603,11.1703,Cubic,Fd-3m,227,m-3m,1.657299999999998,5.286,3.6287000000000003,False,0.0,0.0,-2.497053484848487,-7.571723355909094,,,,,2025-09-23 22:47:33.547000+00:00,False
mp-753692,Ho2Ge2O7,Ho4 Ge4 O14,"Ge, Ho, O",9.886151,9.886151,9.886151,966.2328,8.0723,Cubic,Fd-3m,227,m-3m,3.252,5.9627,2.7107,False,0.0,0.0,-3.088216099090916,-7.91341079681819,,,,,2025-09-23 22:47:33.551000+00:00,False
mp-754120,Dy2Nb2O7,Dy4 Nb4 O14,"Dy, Nb, O",10.369616,10.369616,10.369616,1115.0338,7.42,Cubic,Fd-3m,227,m-3m,0.0,,,False,0.0978522,0.09221990146465901,-3.387768535757574,-9.212776551363635,,,,,2025-09-23 22:47:33.562000+00:00,False
mp-753905,Tm2Zr2O7,Tm4 Zr4 O14,"O, Tm, Zr",10.505814,10.505814,10.505814,1159.549,7.2441,Cubic,Fd-3m,227,m-3m,2.3939,4.5681,2.1742,False,0.0002217,0.10139600704545801,-3.858373712727274,-9.376203826818182,,,,,2025-09-23 22:47:33.553000+00:00,False
mp-754302,Dy2Zr2O7,Dy4 Zr4 O14,"Dy, O, Zr",10.586822,10.586822,10.586822,1186.5795,6.935,Cubic,Fd-3m,227,m-3m,2.7479,4.9317,2.1838,False,0.0004256,0.035970105454543,-3.864660388030302,-9.407194874545455,,,,,2025-09-23 22:47:33.572000+00:00,False
mp-754918,Ho2Mn2O7,Ho4 Mn4 O14,"Ho, Mn, O",9.864942,9.864942,9.864942,960.0273,7.6346,Cubic,Fd-3m,227,m-3m,1.1659,3.6888,2.5229,False,12.0000008,0.0,-2.9032127205329132,-8.553677861363637,,,,,2025-09-23 22:47:33.585000+00:00,False
mp-755065,Ce2Ti2O7,Ce4 Ti4 O14,"Ce, O, Ti",10.363836,10.363836,10.363836,1113.1703,5.8232,Cubic,Fd-3m,227,m-3m,0.0,,,False,1.0403503,0.023583105909089002,-3.660334544696968,-9.324026436363637,,,,,2025-09-23 22:47:33.595000+00:00,False
mp-754768,Tb2Pt2O7,Tb4 Pt4 O14,"O, Pt, Tb",10.221361,10.221361,10.221361,1067.8892,10.2008,Cubic,Fd-3m,227,m-3m,1.357899999999999,5.1539,3.7960000000000003,False,0.0,0.0,-2.449571400757576,-7.545364211818183,,,,,2025-09-23 22:47:33.580000+00:00,False
mp-754207,Tb2Mn2O7,Tb4 Mn4 O14,"Mn, O, Tb",9.928785,9.928785,9.928785,978.7872,7.3252,Cubic,Fd-3m,227,m-3m,1.1024,3.656,2.5536,False,12.0000006,0.0,-2.882692812199581,-8.540464163636363,,,,,2025-09-23 22:47:33.566000+00:00,False
mp-754289,Mn2Hg2O7,Mn4 Hg4 O14,"Hg, Mn, O",10.149564,10.149291,10.149716,1045.5312,7.9168,Cubic,Fd-3m,227,m-3m,0.0,,,False,8.0028096,0.05859331621212101,-1.166442817805644,-6.037270244545454,,,,,2025-09-23 22:47:33.571000+00:00,False
mp-754174,Tb2Nb2O7,Tb4 Nb4 O14,"Nb, O, Tb",10.41046,10.41046,10.41046,1128.2615,7.2489,Cubic,Fd-3m,227,m-3m,0.0,,,False,0.0365637,0.092274649159092,-3.382738889393939,-9.211290195,,,,,2025-09-23 22:47:33.565000+00:00,False
mp-754646,Dy2Ge2O7,Dy4 Ge4 O14,"Dy, Ge, O",9.915851,9.915851,9.915851,974.967,7.9337,Cubic,Fd-3m,227,m-3m,3.205699999999999,5.9666,2.7609,False,0.0,0.012263362727277,-3.046913139848485,-7.875870758181819,,,,,2025-09-23 22:47:33.577000+00:00,False
mp-754711,Nb2Pb2O7,Nb4 Pb4 O14,"Nb, O, Pb",10.867464,10.867464,10.867464,1283.4668,7.3716,Cubic,Fd-3m,227,m-3m,0.9375999999999991,5.3936,4.456,False,1.3100000000000002e-05,0.049669543251679,-2.492317274545454,-8.152647388636364,"{'voigt': 146.353, 'reuss': 146.353, 'vrh': 146.353}","{'voigt': 77.854, 'reuss': 76.158, 'vrh': 77.006}",0.276,,2025-09-23 22:47:33.579000+00:00,False
mp-755041,Tm2Mn2O7,Tm4 Mn4 O14,"Mn, O, Tm",9.800767,9.800767,9.800767,941.413,7.8985,Cubic,Fd-3m,227,m-3m,0.996599999999999,3.6062000000000003,2.6096,False,12.0000005,0.0,-2.92900769007837,-8.558531379090908,,,,,2025-09-23 22:47:33.592000+00:00,False
mp-754846,Ce2Nd2O7,Ce4 Nd4 O14,"Ce, Nd, O",11.104054,11.104054,11.104054,1369.13,6.6048,Cubic,Fd-3m,227,m-3m,2.074999999999999,5.2527,3.1777,True,8.8e-06,0.048117972045456,-3.812863290454544,-8.90794707590909,,,,,2025-09-23 22:47:33.584000+00:00,False
mp-755026,La2Pt2O7,La4 Pt4 O14,"La, O, Pt",10.54349,10.54349,10.54349,1172.0691,8.8403,Cubic,Fd-3m,227,m-3m,0.8203,6.5978,5.7775,False,0.0,0.0,-2.371595123181819,-7.521595840000001,,,,,2025-09-23 22:47:33.590000+00:00,False
mp-755027,In2Sn2O7,In4 Sn4 O14,"In, O, Sn",10.385754,10.385754,10.385754,1120.2478,6.8666,Cubic,Fd-3m,227,m-3m,0.28190000000000004,6.1734,5.8915,True,2.34e-05,0.09250771409090801,-1.963422192121211,-6.342805667727273,,,,,2025-09-23 22:47:33.591000+00:00,False
mp-755108,Tl2Pb2O7,Tl4 Pb4 O14,"O, Pb, Tl",10.874072,10.874072,10.874072,1285.8094,9.6616,Cubic,Fd-3m,227,m-3m,0.037799999999999,4.5102,4.4724,True,0.000400099999999,0.071645613636362,-1.137451543333333,-5.392357489545454,,,,,2025-09-23 22:47:33.596000+00:00,False
mp-755159,Tl2Ge2O7,Tl4 Ge4 O14,"Ge, O, Tl",9.928021,9.928021,9.928021,978.5612,9.0418,Cubic,Fd-3m,227,m-3m,0.0,,,False,0.0032059999999990004,0.052070845909088004,-1.624485564696972,-6.044915290000002,,,,,2025-09-23 22:47:33.598000+00:00,False
mp-755375,Lu2Pb2O7,Lu4 Pb4 O14,"Lu, O, Pb",10.646704,10.646704,10.646704,1206.8285,9.6463,Cubic,Fd-3m,227,m-3m,1.1221,4.8295,3.7074,True,0.0,0.047068563295454,-2.536276895303029,-7.182131084545454,,,,,2025-09-23 22:47:33.605000+00:00,False
mp-755465,Hg2Pt2O7,Hg4 Pt4 O14,"Hg, O, Pt",10.224815,10.224995,10.224811,1068.9905,11.2256,Cubic,Fd-3m,227,m-3m,0.0,,,False,2e-05,0.0,-0.8439466536363641,-5.15279554,"{'voigt': 416416.924, 'reuss': 179.391, 'vrh': 208298.157}","{'voigt': 106510.282, 'reuss': 166.907, 'vrh': 53338.594}",0.382,,2025-09-23 22:47:33.611000+00:00,False
mp-756234,Sc2V2O7,Sc4 V4 O14,"O, Sc, V",9.809584,9.809854,9.809708,943.994,4.2746,Cubic,Fd-3m,227,m-3m,1.2824,4.9889,3.7065,False,4.0010208,0.074910774431813,-3.104950340454545,-9.056630102727272,,,,,2025-09-23 22:47:33.634000+00:00,False
mp-755731,Ta2Pb2O7,Ta4 Pb4 O14,"O, Pb, Ta",10.828896,10.828896,10.828896,1269.8504,9.2927,Cubic,Fd-3m,227,m-3m,1.6828,6.4416,4.7588,False,0.0002193,0.027916367272728,-2.696757586787878,-8.678109974090908,,,,,2025-09-23 22:47:33.621000+00:00,False
mp-755355,La2Pr2O7,La4 Pr4 O14,"La, O, Pr",11.480226,11.480226,11.480226,1513.0431,5.8967,Cubic,Fd-3m,227,m-3m,0.0,,,False,3.9995731,0.125675245113637,-3.331233522575756,-8.249295719090908,,,,,2025-09-23 22:47:33.604000+00:00,False
mp-755869,Dy2Mn2O7,Dy4 Mn4 O14,"Dy, Mn, O",9.897566,9.897566,9.897566,969.5835,7.4927,Cubic,Fd-3m,227,m-3m,0.9041,3.5129,2.6088,False,12.0000007,0.0,-2.893416257199581,-8.547644318636364,,,,,2025-09-23 22:47:33.624000+00:00,False
mp-755450,La2Ce2O7,La4 Ce4 O14,"Ce, La, O",11.177376,11.177376,11.177376,1396.4311,6.3741,Cubic,Fd-3m,227,m-3m,2.1894,6.8845,4.6951,False,0.0,0.010421526136362,-3.893460453636365,-9.019064179545456,"{'voigt': 133.226, 'reuss': 133.226, 'vrh': 133.226}","{'voigt': 60.727, 'reuss': 60.706, 'vrh': 60.716}",0.302,,2025-09-23 22:47:33.608000+00:00,False
mp-756066,Ho2Zr2O7,Ho4 Zr4 O14,"Ho, O, Zr",10.566822,10.566822,10.566822,1179.8673,7.0291,Cubic,Fd-3m,227,m-3m,2.6187,4.7624,2.1437,False,0.0002466,0.075470432954546,-3.860742280909089,-9.399513846818182,,,,,2025-09-23 22:47:33.627000+00:00,False
mp-756148,Sm2Pt2O7,Sm4 Pt4 O14,"O, Pt, Sm",10.343399,10.343399,10.343399,1106.5979,9.6383,Cubic,Fd-3m,227,m-3m,1.047599999999999,4.781,3.7334,False,0.0,0.0,-2.3927093822727272,-7.503179013636363,,,,,2025-09-23 22:47:33.629000+00:00,False
mp-755316,Dy2Sb2O7,Dy4 Sb4 O14,"Dy, O, Sb",10.656038,10.656038,10.656038,1210.0053,7.4712,Cubic,Fd-3m,227,m-3m,0.0,,,False,0.001209899999999,0.17945457127272602,-2.725744825757574,-7.464879423181818,,,,,2025-09-23 22:47:33.603000+00:00,False
mp-755226,La2Tb2O7,La4 Tb4 O14,"La, O, Tb",11.219442,11.219442,11.219442,1412.2571,6.6565,Cubic,Fd-3m,227,m-3m,0.0,,,False,4.000131,0.090560322840911,-3.481307855757575,-8.370714082272727,,,,,2025-09-23 22:47:33.600000+00:00,False
mp-756215,Sm2Mn2O7,Sm4 Mn4 O14,"Mn, O, Sm",10.055748,10.055748,10.055748,1016.8179,6.8275,Cubic,Fd-3m,227,m-3m,0.9750000000000001,3.3738,2.3988,False,11.9999991,0.0,-2.817081405987458,-8.48952957772727,,,,,2025-09-23 22:47:33.632000+00:00,False
mp-755851,Ta2Mn2O7,Ta4 Mn4 O14,"Mn, O, Ta",10.365918,10.365918,10.365918,1113.8413,6.9623,Cubic,Fd-3m,227,m-3m,2.155799999999999,4.6777,2.5219,False,0.0,0.07914772363637401,-2.828615295502611,-9.800761905,,,,,2025-09-23 22:47:33.622000+00:00,False
mp-755635,Ho2Pt2O7,Ho4 Pt4 O14,"Ho, O, Pt",10.16141,10.16141,10.16141,1049.2089,10.5345,Cubic,Fd-3m,227,m-3m,1.506899999999999,5.1793,3.6724,False,0.0,0.0,-2.466693449999999,-7.555180050454546,,,,,2025-09-23 22:47:33.616000+00:00,False
mp-756175,Zr2Bi2O7,Zr4 Bi4 O14,"Bi, O, Zr",10.826368,10.826368,10.826368,1268.9612,7.4579,Cubic,Fd-3m,227,m-3m,2.8604000000000003,6.1756,3.3152,True,0.003670499999999,0.056679890000001,-2.7697148922727273,-8.179823702727273,,,,,2025-09-23 22:47:33.630000+00:00,False
mp-755723,Er2Pb2O7,Er4 Pb4 O14,"Er, O, Pb",10.601927,10.601927,10.601927,1191.6657,9.5972,Cubic,Fd-3m,227,m-3m,1.16,4.817,3.657,True,0.0,0.0054545995454530006,-2.547577461818181,-7.201800988636364,,,,,2025-09-23 22:47:33.620000+00:00,False
mp-756212,V2Si2O7,V4 Si4 O14,"O, Si, V",9.24237,9.242364,9.242372,789.4959,4.544,Cubic,Fd-3m,227,m-3m,0.0,7.4909,7.5246,False,7.9998522,0.085600567234836,-2.851647299090909,-8.638390502272728,,,,,2025-09-23 22:47:33.631000+00:00,False
mp-755116,In2Pt2O7,In4 Pt4 O14,"In, O, Pt",10.011142,10.011142,10.011142,1003.3462,9.689,Cubic,Fd-3m,227,m-3m,2.196199999999999,7.4868,5.2906,True,0.0,0.0,-1.5192756366666682,-6.273488469545456,,,,,2025-09-23 22:47:33.597000+00:00,False
mp-756347,Y2Pt2O7,Y4 Pt4 O14,"O, Pt, Y",10.195218,10.195218,10.195218,1059.7161,8.524,Cubic,Fd-3m,227,m-3m,1.421399999999999,5.2288,3.8074,False,0.0,0.0,-2.432750706363636,-7.868766767727274,,,,,2025-09-23 22:47:33.641000+00:00,False
mp-756670,Eu2Pb2O7,Eu4 Pb4 O14,"Eu, O, Pb",10.812152,10.812175,10.813953,1264.1823,8.7252,Cubic,Fd-3m,227,m-3m,0.0,,,False,23.9803367,0.116930325454542,-2.157955581363639,-7.8522505818181845,,,,,2025-09-23 22:47:33.650000+00:00,False
mp-757233,Gd2Zr2O7,Gd4 Zr4 O14,"Gd, O, Zr",10.572674,10.572671,10.572774,1181.8394,6.8447,Cubic,Fd-3m,227,m-3m,2.8082000000000003,4.8683,2.0601,False,0.0,0.004336873636363,-3.84645998909091,-11.108584786818183,"{'voigt': 5296764.41, 'reuss': 188.88, 'vrh': 2648476.645}","{'voigt': 3178049.037, 'reuss': 100.914, 'vrh': 1589074.976}",0.25,,2025-09-23 22:47:33.655000+00:00,False
mp-761284,Eu2Mn2O7,Eu4 Mn4 O14,"Eu, Mn, O",10.021072,10.021072,10.021072,1006.335,6.9409,Cubic,Fd-3m,227,m-3m,0.0,,,False,35.9999999,0.060321475757573004,-2.499772190532917,-9.18486141318182,,,,,2025-09-23 22:47:33.662000+00:00,False
mp-756751,Tm2Nb2O7,Tm4 Nb4 O14,"Nb, O, Tm",10.274208,10.274208,10.274208,1084.5387,7.7863,Cubic,Fd-3m,227,m-3m,0.0,,,False,0.001429,0.094689577449496,-3.408607786818182,-9.208911429999999,,,,,2025-09-23 22:47:33.653000+00:00,False
mp-756724,Lu2Nb2O7,Lu4 Nb4 O14,"Lu, Nb, O",10.241622,10.241622,10.241622,1074.2521,8.0101,Cubic,Fd-3m,227,m-3m,0.0,,,False,0.003381399999999,0.09796800953284,-3.4094140421212122,-9.216842407727272,,,,,2025-09-23 22:47:33.652000+00:00,False
mp-7640,Sc2Si2O7,Sc4 Si4 O14,"O, Sc, Si",9.37264,9.37264,9.37264,823.3525,4.1639,Cubic,Fd-3m,227,m-3m,3.7458,9.2021,5.4563,False,1.3400000000000002e-05,0.08505900545455501,-3.522388262272726,-8.808870199090908,,,,,2025-09-23 22:47:33.663000+00:00,False
mp-756393,Er2Nb2O7,Er4 Nb4 O14,"Er, Nb, O",10.31042,10.31042,10.31042,1096.0467,7.6639,Cubic,Fd-3m,227,m-3m,0.0,,,False,0.0009722,0.093518216161626,-3.400324842272726,-9.216122545454546,,,,,2025-09-23 22:47:33.643000+00:00,False
mp-756440,Er2Pt2O7,Er4 Pt4 O14,"Er, O, Pt",10.125902,10.125902,10.125902,1038.2481,10.7053,Cubic,Fd-3m,227,m-3m,1.4127,5.152,3.7393,False,0.0,0.0,-2.478018743636361,-7.561057952272725,,,,,2025-09-23 22:47:33.645000+00:00,False
mp-756545,Er2Zr2O7,Er4 Zr4 O14,"Er, O, Zr",10.541748,10.541748,10.541748,1171.4881,7.1322,Cubic,Fd-3m,227,m-3m,2.5368999999999993,4.7063,2.1694,False,0.0003803,0.08538224613636701,-3.860530744090907,-9.393854918181818,,,,,2025-09-23 22:47:33.646000+00:00,False
mp-760425,Tb2Zr2O7,Tb4 Zr4 O14,"O, Tb, Zr",10.61542,10.61542,10.61542,1196.2213,6.7997,Cubic,Fd-3m,227,m-3m,2.8475,5.0366,2.1891,False,0.0005044,0.021954060795454002,-3.868283384393939,-9.41436116090909,,,,,2025-09-23 22:47:33.660000+00:00,False
mp-757450,Sc2Ge2O7,Sc4 Ge4 O14,"Ge, O, Sc",9.623799,9.623799,9.623799,891.3321,5.1744,Cubic,Fd-3m,227,m-3m,3.7047,7.1839,3.4792,False,0.0,0.037194648787876004,-2.9545466199999972,-8.09515761590909,,,,,2025-09-23 22:47:33.657000+00:00,False
mp-778114,Sm2Ge2O7,Sm4 Ge4 O14,"Ge, O, Sm",10.17996,10.17996,10.17996,1054.9654,7.0264,Cubic,Fd-3m,227,m-3m,2.5577,5.1578,2.6001000000000003,False,0.0003568,0.042395755227272,-2.969077287272726,-7.81625501590909,,,,,2025-09-23 22:47:33.695000+00:00,False
mp-769359,Y2Bi2O7,Y4 Bi4 O14,"Bi, O, Y",10.937536,10.937536,10.937536,1308.4541,7.1857,Cubic,Fd-3m,227,m-3m,0.0,,,False,0.8496379,0.076419178977271,-2.5170303095454543,-7.556482914545454,,,,,2025-09-23 22:47:33.679000+00:00,False
mp-769673,Tb2Bi2O7,Tb4 Bi4 O14,"Bi, O, Tb",10.944318,10.944318,10.944318,1310.8896,8.5915,Cubic,Fd-3m,227,m-3m,0.0,,,False,0.8824812,0.06497590124999901,-2.541341383030303,-7.240570737727273,"{'voigt': 551961.89, 'reuss': 216.745, 'vrh': 276089.317}","{'voigt': -86995.415, 'reuss': -1532.353, 'vrh': -44263.884}",0.585,,2025-09-23 22:47:33.682000+00:00,False
mp-769211,Tb2Pb2O7,Tb4 Pb4 O14,"O, Pb, Tb",10.690444,10.690444,10.690444,1221.7638,9.1795,Cubic,Fd-3m,227,m-3m,1.1856,4.8262,3.6406,True,0.0,0.0,-2.550893196212119,-7.217870325454545,,,,,2025-09-23 22:47:33.674000+00:00,False
mp-769229,Ho2Bi2O7,Ho4 Bi4 O14,"Bi, Ho, O",10.91026,10.91026,10.91026,1298.6894,8.7951,Cubic,Fd-3m,227,m-3m,0.0,,,False,0.8841038,0.094147752613636,-2.532796064090908,-7.224719208181818,,,,,2025-09-23 22:47:33.677000+00:00,False
mp-769222,Dy2Pb2O7,Dy4 Pb4 O14,"Dy, O, Pb",10.658802,10.658802,10.658802,1210.9471,9.34,Cubic,Fd-3m,227,m-3m,1.1816,4.8236,3.642,True,0.0,0.0,-2.5488151693939383,-7.212249008636363,,,,,2025-09-23 22:47:33.676000+00:00,False
mp-771384,Lu2Co2O7,Lu4 Co4 O14,"Co, Lu, O",9.646041,9.655756,9.662174,899.9332,8.5527,Cubic,Fd-3m,227,m-3m,0.0,,,False,2.0434591,0.008907008749998,-2.450503338030305,-7.718315645454547,,,,,2025-09-23 22:47:33.687000+00:00,False
mp-772562,Nd2V2O7,Nd4 V4 O14,"Nd, O, V",10.341886,10.341886,10.341886,1106.1123,6.0333,Cubic,Fd-3m,227,m-3m,0.0,,,False,4.5293218,0.062193620681817004,-3.133897131818182,-8.801154771818183,,,,,2025-09-23 22:47:33.690000+00:00,False
mp-773164,Gd2V2O7,Gd4 V4 O14,"Gd, O, V",10.18829,10.18829,10.18829,1057.5573,6.6371,Cubic,Fd-3m,227,m-3m,0.9818000000000001,4.0627,3.0809,False,24.0027994,0.10080848363636301,-3.110372110454546,-10.469988806363638,,,,,2025-09-23 22:47:33.691000+00:00,False
mp-770462,La2Bi2O7,La4 Bi4 O14,"Bi, La, O",11.173828,11.173828,11.173828,1395.1019,7.6917,Cubic,Fd-3m,227,m-3m,0.0,,,False,1.2104123,0.0,-2.595721497272728,-7.349158757727273,,,,,2025-09-23 22:47:33.684000+00:00,False
mp-769396,Y2Ge2O7,Y4 Ge4 O14,"Ge, O, Y",9.920168,9.920168,9.920168,976.2411,5.9205,Cubic,Fd-3m,227,m-3m,3.1753,6.0336,2.8583,False,0.0,0.0,-3.054602234090915,-8.22732639272728,,,,,2025-09-23 22:47:33.681000+00:00,False
mp-772352,In2Co2O7,In4 Co4 O14,"Co, In, O",9.721524,9.721524,9.721524,918.7621,6.6439,Cubic,Fd-3m,227,m-3m,0.0,,,False,4.0000338,0.060996688181819005,-1.430360848030302,-6.377716117272727,,,,,2025-09-23 22:47:33.689000+00:00,False
mp-778152,Sc2Pt2O7,Sc4 Pt4 O14,"O, Pt, Sc",9.882197,9.882197,9.882197,965.0738,8.15,Cubic,Fd-3m,227,m-3m,1.7836999999999992,5.9449000000000005,4.1612,False,0.0,0.0,-2.355756619090907,-7.759659517727272,,,,,2025-09-23 22:47:33.696000+00:00,False
mp-769189,Dy2Bi2O7,Dy4 Bi4 O14,"Bi, Dy, O",10.922062,10.922062,10.922062,1302.9085,8.717,Cubic,Fd-3m,227,m-3m,0.0,,,False,0.940754499999999,0.07950615499999901,-2.537204177575757,-7.232890242272727,,,,,2025-09-23 22:47:33.672000+00:00,False
mp-779427,Sm2V2O7,Sm4 V4 O14,"O, Sm, V",10.253218,10.253218,10.253218,1077.9052,6.342,Cubic,Fd-3m,227,m-3m,0.9596,4.112,3.1524,False,4.0035058,0.11275607340909101,-3.104152318636363,-8.762398813636365,,,,,2025-09-23 22:47:33.697000+00:00,False
mp-9765,Nd2Pt2O7,Nd4 Pt4 O14,"Nd, O, Pt",10.432167,10.432167,10.432167,1135.3337,9.2512,Cubic,Fd-3m,227,m-3m,1.0795,4.7863,3.7068,False,0.0,0.0,-2.348622128181817,-7.4681029045454554,,,,,2025-09-23 22:47:33.722000+00:00,False
